2015-10-06,環太平洋経済連携協定,大筋合意,TPP,記者会見,交渉,大筋,日経平均株価,投資家心理,上げ幅,金融政策決定会合,安倍晋三首相,日銀,見方,運用リスク,独フォルクスワーゲン,大村智,医学賞,ノーベル生理学,売上高,円相場,米国,梶田隆章,追加緩和,東京株式市場,JPX日経インデックス400,ソフトバンク,欧州,思惑,欧米,売買代金,投資家,純利益,概算,比率,低リスク通貨,東証株価指数,関税,中国,終値,動き,売り,相場,大村,ハイテク株,電子版,追い風,東証1部,アジア,上値,うえ,見通し,声明,従来予想,フェイスブック,アフリカ,対象,ダウ工業株30種平均,米株式相場,オーストラリア,背景,同社,小動き,値下がり,米株式市場,方針,トヨタ自動車,可能性,米アトランタ,ペルツ,東証,政府,6日午前,日本経済新聞,甘利明経済財政,高いナスダック総合株価指数,早期利上げ観測,東京外国為替市場,合意,米議会,新日鉄住金,排ガス試験,コメ,値上がり銘柄数,JAIA,影響,アジア太平洋地域,TOPIX,売買高,首位,欧州連合,ネルソン・ペルツ,日米,拠点,農業,利上げ,ほか,ユーロ安,後退,関税撤廃,米連邦準備理事会,円売り,輸入車販売台数,デュポン,トヨタ,連結決算,ギリシャ,VW,企業,アトランタ,研究者,日本自動車輸入組合,主力,警戒感,新興国,輸入車,公算,ニュートリノ,負債,前年実績,域内,パナソニック,経済圏,国内,ルクセンブルク,日本,流入,需要,営業収益,イラン,ジャスダック市場,Islamic State,中値決済,Cクラス,ポタシュ,熊崎勝彦コミッショナー,W杯,internet.org,トライアン,ブラジル,日立建機,ソニーセミコンダクタ,前週末比,軽自動車,良品計画,大村智北里大学特別栄誉教授,閣議後記者会見,投資,アゼベド事務局長,大リーグ,営業利益,富士テクニカ宮津,独メルセデス・ベンツ,国際通貨基金,自由貿易圏,ユーテルサット,中部国際空港,売り上げ,対ドル,プロ野球,半面,山梨県韮崎市,CEO,消費者,過激派組織,空爆,前週末終値,引き上げ,製造業,愛媛県伊方町,速報値,自由貿易協定,利上げ観測,民主党,連邦準備理事会,カナダ,通商交渉,米非製造業景況感指数,育代,原油,米国内,文子,上昇,年間配当,貿易交渉,あり方,再生相,TOP20,高値,期待感,ノーベル物理学賞,旗艦店,岸田文雄外相,麻生太郎財務,投資信託,株価指数,協定批准,スリランカ,人材育成,反動,与党,前月,連結純利益,傘下,農家,投資ルール,不正問題,キーエンス,米株式,TPP参加国,一方,今秋,世界,東南アジア,対ユーロ,なか,ディーゼル車,麻生太郎財務相,訪日外国人,好感,参院選,ハイブリッド車,円買い,GDP,ドル買い,取材,結果,妥結,カタール,サプライマネジメント協会,四国電力伊方原発3号機,増加,農産品,国々,利益確定売り,連結経常利益,米政府,日本ハム,大幅高,高値圏,インバウンド,J・フロントリテイリング,イスラム国,東洋鋼鈑,関税暫定措置法,愛知県常滑市,債権団,福田聡志投手,ダウ平均,前年同月比1.6%減,中心,WTO加盟国,会合,メルセデス・ベンツ,撤廃,東アジア地域包括的経済連携,避難計画,ホンダ,日本メーカー車,経済成長,新興企業株,国内総生産,人工知能,不透明感,山梨大学,新会社,知的財産権,同日,先行き,エレン・クルマン会長兼最高経営,成果,センサー,上方,北里大学,姿勢,研究,独BMW,厚生労働省,早期,ルール,アクア,EU,一部,成長戦略,安値,ロンドン株式相場,検討,枠組み,天候不順,米連邦議会,意義,教師,感染症,業界団体,受賞,リスク回避姿勢,見込み,FTSE100種総合株価指数,西武,エール,中小企業,5日続伸,設備投資,セプテニHD,岡田克也代表,買い,農産物,ユーロ高,日経ジャスダック平均株価,議案,安全保障,バター,マレーシア,見直し,AMOS6,損失,メリット,ドル,カローラ,経済秩序,国内輸入企業,めど,値幅,違法ソフトウエア,ロンドン外国為替市場,販売,国内外,追加金融緩和,クルーズ,閣議後,リスク資産,各国,閣僚会合,民間,同時点,原子力防災会議,反落,前年同期比50%増,交渉参加国,下落,バイオ医薬品,株式相場,値上がり,研究成果,打率,きっかけ,軒並み,複数,予断,同省,RCEP,連結売上高,防御率,資金流入,新製品,テコ,TOB,貿易,中国経済,国益,引責,構造改革,オバマ米大統領,ドーハ・ラウンド,利用者,宮沢洋一経済産業相,初会合,ソファ,およそ2カ月半ぶり,グレンコア,影響力,カルナバイオ,このほど,金融決定会合,フランス,安値圏,透明性,株主総会,幅広い分野,大幅続伸,デバイスソリューション事業本部,拡大,米雇用統計,事後審査,ブラジル経済,最大手,構成銘柄,アナリスト,規模,棄権,首相官邸,FTA,会談,来夏,母校,退職慰労金支給,急務,中部空港,消費者庁,避難ルート,小売店,対ユーロ相場,米フェイスブック,プライベートブランド,訪日客,都市部,取引先,クラウドサービス,重荷,狙い,タイ,サービス,取引,農業対策,周辺自治体,今冬以降,減速,目先,大幅上昇,日立製作所,東京都内,ブランド別,特別損失,天然ゴム,サイバー攻撃,サハラ砂漠以南,技術者,調達通貨,研究開発,賭け,資源商社,ISM,水準,グーグル,北大西洋条約機構,前年同期比9.7%増,17時時点,本格化,田中化研,農業生産,シリア国内,ノート,国内手続き,高水準,3D,自殺,盛り上がり,前年同期,今季,指摘,取締役会,意欲,携帯電話,関係者,電気自動車,市場,整備,新興企業向け株式市場,最大限,利益,台湾株,輸出,1ユーロ,国内農業,外国人,神奈川県厚木市,技術,証し,野球協約,年内,業績見通し,上昇率,加盟国,1豪ドル,危機,スーパー,国内事業,TPP交渉,調整,世界貿易機関,石油株,消費増税,英国,JASDAQ,戦略,メド,続落,経済産業省,費用負担,ラグビー,報道陣,両社,前週末比304ドル06セント,スイス,電話,説明会,株主,雑貨店,共産党,署名,金融相,さいたま市
2015-10-05,環太平洋経済連携協定,大筋合意,見通し,前週末比,日経平均株価,売上高,交渉,日本経済新聞社,米雇用統計,W杯,米国,安倍晋三首相,見方,TPP,オーストラリア,東京株式市場,関税,前年同期比,円相場,米株式相場,JPX日経インデックス400,低リスク通貨,東証株価指数,売買代金,投資家心理,概算,大手町,ファストリ,シンガポール,金融機関,記者会見,東京外国為替市場,東証1部,東証,純利益,大筋,値下がり,米利上げ観測,ワールドカップ,金融ニッポン,ドル安水準,運用リスク,円買い,影響,足踏み,恩恵,黒字,投資家,取り組み,医学賞,連結決算,取引時間中,ソフトバンク,ノーベル賞,上げ幅,同日,ノーベル生理学,TOPIX,値上がり銘柄数,大リーグ,方針,フィンテック,食品株,早期,ドル売り,背景,可能性,幅広い銘柄,マイナンバー,パナソニック,指摘,社会保障,主力,厚生労働省,首相官邸,ブルージェイズ,鉱業株,節目,大村智,株式相場,SMBC日興証券,勝ち点,金融,日経ジャスダック平均株価,追い風,利上げ観測,アジア太平洋地域,TPP交渉,バルス首相,サモア,林兼,堤防,前週末,明治ホールディングス,トップ・シンポジウム,押し上げ,赤字,経済圏,自治体,製造業,顧客,ノーベル賞受賞者,従来予想,高値,閣僚会合,日産自動車,遺伝子,同社,売買高,対象,愛知県稲沢市,マーリンズ,出資,安全保障関連法,最終損益,首位,流れ,三菱重工業,生産能力,マラリア,上昇,菅義偉官房長官,コメ,アジア株,国内外,欧米,連結純利益,動き,輸出,コエリョ,プロ野球,大和証券グループ本社,減速感,バルス,日本瓦斯,ベステラ,イノベーション,前週末17時時点,前週末終値,体育大会,ユーロ高水準,重要性,アジア,みずほフィナンシャルグループ,第一中央汽船,米景気,値がさ株,フランス,トンガ,技術革新,中小企業,買い,アレバ,平野信行社長,東京モーターショー,野村ホールディングス,販売,茨城県常総市,グリップスコンセプト,新興国,東京電力福島第1原子力発電所事故,ユーロ高,関税撤廃,実質賃金指数,上値,イングランド大会,利上げ,きょう,インド,ソニー,伸び悩み,民事再生手続き,所定外給与,対ユーロ,関税引き下げ,政府,調査,機能性ヨーグルト,インドネシア,前月比,共同,ラグビー,福田聡志投手,コジマ,サービス,外国人投資家,生産ライン,イタリア,一方,共通番号,仕組み,知的財産権,要因,医薬品,欧州連合,売り上げ,賭博罪,米マイクロソフト,ファナック,愛知工場,懸案,貯蓄,議論,国部毅頭取,アストロズ,鉄鋼株,増加,東京医科歯科大学,業績,後退,円売り,自由貿易圏,越水,従来,テアトロ・フォー・デイズ,フランス原子力大手アレバ,北朝鮮,鬼怒川,中国経済,トヨタ自動車,市場予想,早期利上げ観測,関係国,アルゼンチン,非金利収入,資産運用,中国中医科学院,高まり,ジャスダック市場,三菱UFJフィナンシャル・グループ,京都大学,前月,シリア,課題,速報値,首相公邸,四つんばい,自動車,避難指示,独フォルクスワーゲン,インターネット,トヨタ,経営,結果,京都府京田辺市,関係者,スマートフォン,ニューヨーク市場,締結,国内,景気回復,改善,商業銀行業務,終値,伊藤忠,一部,健康志向,個人消費,除染,美しい原風景,六甲バタ,コエリョ首相率いる社会民主党,需要増,再生産,ビックカメラ,原子炉製造子会社,農業,事実上,組み体操,対ドル,実証実験,フィラデルフィア,妥結,不整脈,経済産業省,仙台市,ほか,キヤノン,中間層,参院選,終身研究員兼首席研究員,天候不順,自社,ソフトウエア,景気減速,試合,記者団,毎月勤労統計調査,交渉妥結,カロリンスカ研究所,三井住友銀行,日本勢,東京市場,日経ホール,残業代,中国,懸念,浮き彫り,認識,未来図,値幅,物価変動,無実,TOP20,外為市場,福島県楢葉町,最高位,前年,小売り,両国国技館,ニュージーランド,医薬品分野,営業利益,制度,コンセプト車,浮上,牛肉,資本面,非農業部門,通知カード,当面,値上がり,対円相場,全力,三菱重工,プロジェクト,ドジャース,なか,歩調,プリマ,国土交通省関東地方整備局,1万8000円台,相場,収益力,シンポジウム,おおむら,意欲,佐藤康博社長,甘利明経済財政,減速,新興企業向け株式市場,日本,ストックホルム,地方創生,調査委,うえ,事件,域内,有権者,永井浩二グループ最高経営責任者,5日午前,放射性物質,約2週間ぶり,資本,日比野隆司社長,例外,国会議員,銘柄,健闘,引き下げ,届け出,同氏,原子力協定,減速懸念,東北豪雨,科学技術,協力,効率化,乳製品分野,条例,アイルランド,期末配当,前年同期,客数,生産者,米アップル,男子生徒,内外装,海運中堅,大関照ノ富士,店舗,横ばい,市場参加者,微増,計画,見込み,現地,米大リーグ,コスト削減,東京電力,三菱UFJ,アジア各国,高値圏,ピラミッド,姿勢,改革,増産,グローバル化,東京都内,取引材料,野球賭博,初会合,与党連合,GDP,東証2部株価指数,好機,レギュラーシーズン最終戦,小型多目的スポーツ車,データ,市町村,ボーナス,国内銀行,ポルトガル,グループ,2カ月連続,金融サービス,農業分野,パイレーツ,前週末比280円36銭,チーム,様子見姿勢,外国人,国際展開,三菱商,関連銘柄,排ガス試験,調整,価値観,カルナバイオ,新興市場,取材,商社株,買い安心感,智氏,外国人観光客,雇用統計,一院制,強調,東京地検特捜部,連立与党,対面営業,ユーロ買い,カブス,国内総生産,弁護団長,ターゲット,グローバル展開,東証マザーズ指数,日経平均,先進安全技術,訪日客,大半,子会社,人材,インタビュー,都道府県,スウェーデン,売り,音声ガイド,観光振興,海外市場,田中化研,手続き,事故,コスト,HD傘下,フィリーズ戦,将来,調達,さいたま市内,枠組み,新市場,クリントン,上場,法律家ミーチャイ,アトメア,弁護団,岡美代子,鹿児島銀行,スコットランド,持ち合い株,小惑星,ネルソン・ペルツ,民泊,がん細胞,弘道会,フロリダ州ポンテベドラビーチ,ハイテク株,民家,渡辺正人駐バングラデシュ大使,ヨンドシーホールディングス,報告書,高木幹正容疑者,宏池会,全国都道府県議会議長会,ゲノム選抜,明治大法科大学院,北日本物産,アドヴァン,常総市三坂町,資産残高
2015-10-04,環太平洋経済連携協定,閣僚会合,医薬品,W杯,プレーオフ,サモア,米国,交渉,甘利明経済財政,オーストラリア,スコットランド,ニュージーランド,スクラム,勝ち点,関係国,安倍晋三首相,南アフリカ,アフガニスタン北部クンドゥズ,星邦男,甘利,大筋合意,安全保障関連法,ラグビー,ダブルヘッダー,協議,ワールドカップ,ミルトンキーンズ,今季,名古屋高裁,声明,乳製品,チーム,見通し,奥西死刑囚,バックス,ナショナルズ,ウイング松島,合意,イングランド大会,MSF,日本,折衷案,落球,同社,ジョーンズ・ヘッドコーチ,乳製品分野,重要性,記者団,データ保護期間,妥結,各組上位2チーム,サモア戦,各国,難航分野,徹夜,名張毒ぶどう酒事件,選手,タックル,ジョーンズHC,犯行,今季初勝利,内閣改造,最高裁,事件,三重県名張市,大リーグ,国境なき医師団,決勝トーナメント進出,首都ダッカ,メッツ,史上初,本籍,都道府県別,排ガス試験,一時退場者,フロマン米通商代表部,ボーナスポイント,相手,余波,八王子医療刑務所,ボール,資金調達,ハノーバー,パブリックビューイング,山橋,バルス,アサド,日本政策投資銀行,ハンス・ディーター・ペッチュ,ドイツ経済,保守票,二の舞い,ゴールデンホーン,無安打無得点試合,ペナルティートライ,アドバイザー,コエリョ,小野詞誉,ストレイトガール,日歯連,ドボルコビッチ,フルバック五郎丸,臨時国会,和歌山市紀三井寺陸上競技場,ドローン,落とし物,単結晶グラファイト,京都市左京区岡崎円勝寺町,磯野典正,菊地絵理香,給水管,シンポジウム,香妻琴乃,バイエル,ファミリーマート,オーエンス,バングラデシュ,隔たり,能村健太郎,これほど乱調,J1名古屋,故中村裕,鉛管,若林辰雄社長,ロッテ,不測の事態,姜栄子,トライ,山橋衛二,諮問委,原油,再選支持,朝鮮労働党,小川直也,トーループ,バーディー,山田哲人内野手,シンドラー,ボルナ・チョリッチ,ジョーンズ,2階建て,田中裕二,山口もえ,ハンブルガーSV,日米豪,コンビニエンスストア,山田,改定内容,オフサイド,銀閣寺,大山志保,新規株式公開,昨季,日米印,クロアチア,柳田悠岐,配水管,TPP,おくにし,児童生徒,共産党,交渉関係者,コエリョ首相,プロジェクト,長野県帝産アイススケート,快挙,逆転死刑判決,勝ち点1,日本郵政グループ,日清食品,日ロ,ユネスコ,G1,石川県片山津GC,東京都八王子市,勝浦タンタンメン船団,原口元気,柏原明日架,東京有明コロシアム,懸案,プレー,入閣待機組,強調,北口榛花,二審,ヘルタ,ぶどう酒,成年男子棒高跳び,パスミス,局長級,メルケル独首相,石油,爆笑問題,フォルクスワーゲン,共働き世帯,荷物,ブレーメン,シェフラー,利上げ,もよう,荻田大樹,連携,デットーリ,サモア程度,岩手県,金融調査会社ディールロジック,酒井宏樹,愛媛大地球深部ダイナミクス研究,酒井高徳,偉業,病院,それぞれ,松井稼頭央,三ゴロ失策,一院制議会,独紙フランクフルター,ゴール前,清武弘嗣,初戦,小雨,ナノ多結晶ダイヤモンド,安全保障面,アトランタ五輪,VW監査役会,日米韓,初入閣,保守層,錦織圭,天皇杯全日本選手権,ハードタックル,日本時間4日未明,多神教,資産管理,青山聖佳,西野朗監督,認定トライ,マックス・シャーザー投手,李知姫,メジャー大会初,前半,再審開始,トンプソン,最終日,サウ,フィギュアスケート,菊地,菊池純礼,水道メーター,透明性,民主党,水道管,ユニバーシアード大会金メダル,負傷退場,大会新,全米女子オープン優勝者,国わかやま国体,田仁智,新興国,敵地ニューヨーク,水道事業者,準々決勝,公立小中高校,世界ユース選手権金メダル,よさこい踊り,資源エネルギー庁,USTR,津地裁,暴行,政投銀,ソクラテス前首相,日本経済新聞社,英国ウォリック近郊,連発,少年女子共通やり投げ,イングランド代表,東京パラリンピック,殺人容疑,危険度,足利義政,受取窓口,農業関連,勝負,京都府警東山署,中西浩之容疑者,超高圧,潘氏,秩父宮ラグビー場,全美貞,コベス,鉛製給水管,式典,ヤマザキナビスコ・カップ,緊縮策,ワールド・サロンパス杯,チョン・インジ,曇り,旭川東高,全国,顧客,前半ラストプレー,名古屋経大市邨高,ワゴン車,ポルトガル,北朝鮮,ジュベール主審,イ・ミヒャン,シャーザー,三菱UFJ信託銀行,訪日消費,筑波大,異議,トリプルボギー,関学大,総立ち,日本代表,枝野幸男幹事長,安全保障戦略,応援歌,香川,今大会,クレーター,再生相,5歳牝馬トレヴ,京都市東山区,召集見送り論,一人暮らし,物流大手,安倍首相,北西,トリプルアクセル,銃撃,切れ味,生前贈与,次世代支援信託,歴史,次期学習指導要領,佐藤仁町長,監査役会長就任,担当者,厳しい状況,再審請求,値下,優先株,裏返し,保守本流,別次元,党幹部,決勝点,日本代表史上初,株式バブル崩壊,引き分け,巨漢ぞろい,外相会談,敵陣,ボギーパット,立憲主義,VW,地力,世論調査,首相率いる社会民主党,自由貿易圏,小売り関連,無罪,在バングラデシュ,英科学誌電子版,国民体育大会,金亨成,もみ合い,大会初制覇,イーブンパー,中京大,フリップ,後半,スタジアム,所信表明,新校舎,宮城県南三陸町立戸倉小,応酬,信託博物館,連立与党,熱狂,中日クラウンズ,調整,気を付け,尻目,ホテル,トヨタ自動車,糸口,操縦者,私有地内,当局,薄日,ばらつき,日本代表史上最年長キャップ,潘基文,西武,シリア,ヤマハ発動機,狭き門,巨体,日本大使館,世界選手権代表,アフガン治安部隊,インターネット通販,吉永一貴,予断,ジョン・ミジョン,ミズノ,産業天気図予測,浅田真央,国際会議,ドボルコビッチ副首相,児童,参加国,枠組み,同国北部ランプル近郊,農薬,密集,ウキヨノカゼ,スコア,ブルージェイズ,シンドラーエレベータ,主審,方針,京都府警下鴨署捜査本部,紀元前,検察側,短時間,早期,マツダスタジアム,クライマックス,みずほ銀行,横山大希,さいたま市内,全容,多様性,トリプルスリー,高いタックル,教育用コンピューター配備,広島,基軸,詰め,直線,疑い,エネ庁,研究成果,米ニューヨーク,マジンプロスパー,独当局,第48回日本女子オープン選手権最終日,安定軌道,ラインアウト,大阪成蹊,先制攻撃,藤原英昭調教師,自治体,ラグビーブーム,独フォルクスワーゲン,中道左派野党,楽天ジャパン・オープン,瀬戸際,李美香,授業,十字軍,医薬品分野,アクティブ・ラーニング,劣後ローン,使用済み核燃料,参院選,ドイツ経済全体,タッチライン,京都市内,日本馬,茨城県つくば市内,降格処分,自動運転車,両首相,本拠地,男子テニス,自動車分野,中西容疑者,バイエル子会社,自民党役員人事,ロシア・シベリア地表,接戦,前年同期,財政再建,ギリシャ,工作機械,USTR代表,ブルーパートナーズ・ファンド,落成式,マーリンズ,誤算,気迫,多田明弘電力,総裁選,パイレーツ戦,ロブ貿易,郵便局,蛇口
2015-10-03,環太平洋経済連携協定,シリア,閣僚会合,W杯,空爆,米雇用統計,独フォルクスワーゲン,ディーゼル車,大筋合意,アサド政権,過激派組織,排ガス試験,米連邦準備理事会,ニュージーランド,先行き不透明感,ロシア,イスラム国,ダウ平均,ウクライナ,ベトナム,スマートフォン,見通し,北米,リオデジャネイロ五輪予選,米国,ダウ工業株30種平均,日歯連,ワールドカップ,売り,アウォーディー,乳製品,スマホ,ミルトンキーンズ,比江島,医薬品,反体制派,終値,資金流入,市場予想,交渉,日銀,もよう,アイシン三河,カナダ,通算,円買い,野党,首位,日本経済新聞,思惑,アジア,ミャンマー,日本,各国,電子版,売上高,東京都内,自治体,世界選手権,政治団体,円相場,勝ち点,対象,年内,先行き,欧州,神宮球場,バスケットボール男子,昨季,自動車,サウジアラビア,不正問題,対ユーロ相場,全地球測位システム,甘利明経済財政,利上げ観測,イングランド大会,利ざや,可能性,米株式,フランス,長沙,消費者,サモア,国土交通省,決議案,履行,子会社,政府軍,政治資金規正法違反事件,人口減,反政府武装勢力タリバン,ラグビー,韓国,東日本大震災,買い,省令,悪材料,厚生労働省,同市内,アジア選手権,プーチン大統領,国内,代理店,FRB,イラン,展示会,同社,傘下,道内,JPモルガン・チェース,安心感,朝方発表,大リーグ,見直し,武豊騎手,第4クオーター,タブレット,TPP交渉,米雇用情勢,米利上げ,売買高,スコットランド,縮小傾向,今季限り,ユーロ高,3営業日続伸,メド,日本歯科医師連盟,開拓,米株式市場,攻撃,主因,参院選,佐賀県,道筋,対ドル,金市場,シェブロン,Iターン・Uターン,熊本県菊池市,ヌアイミ石油鉱物資源相,国会議員,小田孔明,ファイザー,球団,ルセフ,ユニー,SOMPOシステムイノベーションズ,減益幅,クロアチア,フィリピン,トリコノドン科,ニューヨーク・マーカンタイル,リグ,野村証券,銃規制,明治安田生命保険,IslamicState,BNPパリバ,JR貨物,ブルージェイズ,気候変動分野,AP通信,ソフトバンク,対象車,波田,マニュエル・バルス首相,高値,サウジ,アリアンツ,故高山辰雄,ユニバーシアード大会覇者,香妻琴乃,新生銀行,オリエンタルランド,株式相場,人工乳房,大和ハウス工業,強力打線,旅行者,沖縄銀行頭取,インテル,長野県帝産アイススケート,レスター,哺乳類,釧路公立大学,政治資金規正法,セーフガード,石井みどり,売買,火山災害,コンピューターグラフィックス,ストレイトガール,松田伸介,甘利,アルファベット株,吉村洋文,サークルKサンクス,道産牛,FC東京,キリンビバレッジ子会社,小笠原道大内野手,早期利上げ観測,ジョン・マケイン,戦闘指揮所,HSBCホールディングス,職探し,Islamic State,ソニー生命保険,東京電力福島第1原子力発電所事故,アイピー,平田奈津美,ボウチー監督,シンドラー,アルファベット,藤光謙司,人文社会科学系,社会保障,コナミスポーツク,折衷案,中京大,ブラッター会長,シュナイダー恵子,バーベキュー,G1スプリンターズステークス,交渉官,都内,刑務官,イエメン,人間ドック,丸の内ビルディング,業種別S&amp;P500種株価指数,大同生命保険,赤名酒造,西村議員,カーター,JR西日本,The Wonder 500,タリバン,ワタミ,チーム,酒井裕唯,キャタピラー,保険金,法務省,最下位,同省,丸の内オアゾ,柳簫然,雇用者数,大型スーパーマ,前田幸治,浜通り地区,内戦,北大西洋条約機構,販売,巨人,ドル売り圧力,閣僚,シカゴ・マーカンタイル取引所,ベライゾン・コミュニケーションズ,ベルギー,完全オーダーメード,迂回寄付,死傷者数,ジャンイブ・ルガル理事長,ジョージア,最善,日本貨物鉄道,米利上げ先送り観測,国防省報道官,バンコク,マーリンズ,FIFAバロンドール,対話アプリ,ハイテク株,食肉向けブロイラー,ウクライナ国内法,心疾患,英紙フィナンシャル・タイムズ,オバマ米大統領,ムジャヒディン,インタビュー,柏原明日架,高速道路,利上げ,早期,動き,ほか,ロート製薬,購入者,東京地検特捜部,従来,ルフトハンザ,見方,救援陣,金庚泰,ドル売り,書面インタビュー,一環,アマ,与那原町,自販機,カブール,優勝,共産党,徹夜,新市場,高橋はるみ知事,反発,サービス,李艶偉,フォルクスワーゲン,中畑清監督,凸版印刷,シリア政府,孵卵,一問一答,退陣,坂茂,ダブルヘッダー,人口増,自治権,星野凌斗,ニューヨーク証券取引所,石油サービス会社ベーカー,東京ディズニーシー,伸び悩み,志位和夫委員長,アラブ首長国連邦,販売台数,方針,池田勇太,坂下里士,売り上げ,ミッキーアイル,金先物相場,ニューヨーク商品取引所,グーグル,第49回スプリンターズステークス,減損,マリンタウン東浜,旗印,北部ラッカ,古里,ニューヨーク原油先物相場,ルガンスク人民共和国,米景気,人事担当者,ムアレム外相,新千歳空港,ハラル,ゼロ金利政策,バイオ株指数,ロンドン外国為替市場,東京ディズニーランド,ファミリーマート頼み,学業優先,銀行リテール力調査,日本車,避難,充実度,デフレ脱却,マイクロン・テクノロジー,朴相賢,菊地絵理香,業績底入れ,第19回シリウスステークス,消費者物価上昇率,ニューヨーク外国為替市場,再生相,中心,通知,廃止,前半戦,世界選手権代表,国際サッカー連盟,サモア戦,石油輸出国機構,けじめ,批判,田村洋一専務理事,原油先物相場,並木アナリスト,ホーチミン,乗用車,VW,ロシア国防省,スホイ34爆撃機,消費国双方,西村正美参院議員,日本経済新聞社,提言書,自前,民宿,米ゼネラル・モーターズ,ふらん,中東,合同会社説明会,G20,悪影響,メリット,福岡市,テーマパーク拡張用地,ドル,数十人規模,稼ぎ頭,コメルツ銀行,さいたまスーパーアリーナ,旅行客,プラットフォーム,今季最終戦,親ロ派支配地域,利用者,キリングループ,ソフトバンク傘下,停戦,玉城義昭代表幹事,セルゲイ・ブリン,首都圏,同市,支援,来春卒,半面,日経リサーチ,なか,ムスリム,片山晋呉,新興国経済,昨季賞金王,利上げ時期,意向,共和党,石川県片山津GC,前年同月比,アフガン国内外出身,訪日外国人,損害保険ジャパン日本興亜,ベルカント,神奈川県箱根町,五郎丸歩,輸入関税,学生,銀行株,西原町,村上大介,産油国,積水ハウス,宿泊施設,同組織,鈍さ,速報値,陽進堂,1打差,三菱地所,事実上,全国,自治会,安倍晋三首相,採用選考,首位ヤクルト,物価情勢,箱根山,損保ジャパン日本興亜,シンポジウム,高いナスダック総合株価指数,国内勢,本拠地,米軍,福島千里,G3,受諾,詰め,期近,仕組み,延べ床面積,死傷者,改善一服,浦崎唯昭副知事,NYMEX,自動車協議,首都ハノイ,横浜スタジアム,本番,バーネットら,協定発効後10年以内,機器,連邦準備理事会,スプリント,若者,中畑監督,日本中央競馬会,途上国,セイコーホールディングス,記者会見,フランクフルト株式相場,現地,オランド大統領,畜産事業者,ナスダック市場
2015-10-02,市場予想,円相場,米雇用統計,売上高,総務省,日経平均株価,下げ幅,朝方,独フォルクスワーゲン,見通し,家計調査,同社,終値,ドル売り,排ガス試験,背景,円買い,東京株式市場,ユーロ高,米国,投資家心理,従来予想,先行き,JPX日経インデックス400,記者会見,北朝鮮,対ユーロ,世帯,米製造業景況感指数,売買代金,純利益,概算,閣僚会合,前月比,東証株価指数,消費者,売り,前月,日歯連,東証,利上げ,エアコン,先行き不透明感,方針,東証1部,ほか,東京外国為替市場,米連邦準備理事会,米サプライマネジメント協会,業績,低水準,対ドル,増加,円売り,前年同月,環太平洋経済連携協定,可能性,一角,影響,製造業,悪化,セントピーターズバーグ,利上げ観測,参院選,企業,もよう,小売株,日経ジャスダック平均株価,重荷,マーリンズ,インドネシア,黒字,有効求人倍率,TOPIX,コンビニエンスストア,見方,ISM,前引け,スマートフォン,三越伊勢丹ホールディングス,下方,物価変動,新興国,主力,相場,全国企業短期経済観測調査,内定者,サプライマネジメント協会,W杯,ユニーグループ・ホールディングス,税負担,一方,ユーロ,ワールドカップ,ドル買い,日本歯科医師連盟,シンガポール,小売店,米景気,取引,各国,イチロー,実質,姿勢,長距離弾道ミサイル発射,小幅続伸,ニューヨーク外国為替市場,前年同月比,米株式市場,調査,ブルージェイズ,新会社,低リスク通貨,上げ幅,現時点,上昇,高市早苗総務相,政治資金規正法違反事件,投資家,同日付,指数,内閣改造,ラグビー,ダウ工業株30種平均,首都圏,大リーグ,米債券市場,実質消費支出,発表,経済産業省,VW,早期,辞意,安値,QUICK,外国為替市場,消費関連統計,値下がり,回復,品ぞろえ,2日午前,反落,今季,雇用者数,疑い,見直し,低迷,オリックス,資金供給量,二輪車,佐古則男社長,離職,高田繁ゼネラルマネジャー,ファーストリテイリング,製造業購買担当者景気指数,押し目買い,前田新造,オンワードホールディングス,関係者,ディーゼル車,前向き,前年,金利差縮小,続投,ベステラ,同社長,景気,意向,コスト,17時時点,同日,値動き,小林喜光,中畑清監督,原数値,増加幅,後退,設備投資,景況感,連結最終損益,カルチュア・コンビニエンス,不正問題,独アウディ,乳製品,ミルトンキーンズ,理事会,動き,連結決算,来季,月末残高,上方,オールスター戦,非農業部門,伸び,値上がり銘柄数,球団,プロ野球DeNA,オバマ,責任,ロンドン外国為替市場,法定上限,持ち高,様子見ムード,日銀,首位,減速,中央値,営業利益,迂回寄付,南場智子オーナー,日米,高値,核実験,南アフリカ,前日比,通算,協議,マーケティング,値上がり,就業者数,中心,世界銀行,米株式相場,民間予測,赤字,中前打,イングランド大会,製造業景況感指数,ハリケーン,安全性,石井みどり参院議員,住友商事グループ,中国国家統計局,臨時株主総会,スマホ,安倍晋三首相,完全失業率,現役続行,解決策,室町,天候不順,売買高,発光ダイオード,記者団,日本経済新聞,高値圏,ルペルト・シュタートラー社長,好材料,国際通貨基金,傘下,ハンス・ディーター・ペッチュ,オリオールズ戦,景況感指数,横ばい,半面,季節調整値,菅義偉官房長官,対ユーロ相場,アサヒグループホールディングス,ジャスダック市場,個人消費,連結経常利益,日銀短観,懸念,シャープ,中国,前年同期,容疑者,国連総会,インタビュー,稚内市,買い,先進国,日銀当座預金,マネタリーベース,バリー・ボンズ,経産省,半導体大手,リ・スヨン,観測,一定,新興企業向け株式市場,顧客層,物価見通し,メキシコ,TPP,監査役会長,流れ,高安,池田弘一,アジア,合弁会社,失業率,ファナック,取材,好感,米製造業,対象,三越伊勢丹HD,トヨタ,政府,イマジニア,原油先物相場,運航,利用者,業種別,中国景気減速,供給,計画,10年物国債利回り,ユニクロ,国内既存店売上高,体たらく,会計検査院,事業,クライマックスシリーズ進出,リスク,TOP20,ガウチョパンツ,不透明感,勤労者,資金,様子見気分,国連安全保障理事会,東日本大震災,連結純利益,2日,不正対象車,マレーシア,内訳,消費支出,売り上げ,自民党役員人事,ドル,会合,韓国,運休,雇用統計,資本,新千歳空港,主力銘柄,医薬品,低気圧,一環,めど,景気減速,米アトランタ,一部,ドイツ,パラリンピック,三井住友銀行,狙い,世界,テコ入れ,連邦準備理事会,前年実績,状況,手法,今季限り,中間所得層,アナリスト,個別,ナスダック総合株価指数,自動車,伸び率,鉱業,購買データ,オーストラリア,患者,横浜市内,新興市場,感染者,低下,ファミリーマート,セプテニHD,慰留,麻生太郎財務相,家電,目標,再発防止,大筋合意,CCC,装置,金融,受諾,前回調査,閣議,高齢者,国内,一般討論演説,米西部オレゴン州ローズバーグ,電子版,猛暑,FRB,子会社,新商品,需要,女性向け,秋冬物,消費者物価指数,マイナンバー,全規模全産業,流通,売り先行,自動車関連,ロンドン株式相場,交渉,取得額,タイ,レイズ戦,三塁,焦点,米景気指標,ロングカーディガン,FTSE100種総合株価指数,日経平均,イタリア政府系ファンド,顧客分析,銃乱射事件,政治団体,非製造業,勤務先,見込み,節目,市場参加者,人員削減,値幅,中南米,センサー,経済指標,一般社団法人,小幅高,前月比14万2000人,条件,サラリーマン,米労働市場,欧州,内定式,コマツ,上昇基調,同センター,定年退職,二輪車ローン会社,チーム,東京地検特捜部,外相,香港株,短観,採算,大リーグ機構公認,閣議後,京写,英国,日本時間2日夜,自動車株,総事業費,ロシア,顧客,検討会,前年同月比2.6%増,右翼,ことし,取引終了,農産物,朝方発表,円,現地,減益,1ユーロ,生産,検討,採用活動,出資,賃上げ,東証マザーズ指数,厚生労働省,上値,アジア株,人手不足,需要増,苦戦,節約志向,需給,中畑監督,高まり,インドネシア・エアアジア,第11スプリンターズステークス,白田,薄商い,プテラノドン,関税,値がさ株,ラグビーW杯,オゾン,河野公平,男児,小型機,理化学研究所,サークルKサンクス,ネットフリックス,Tモバイル
2015-10-01,製造業購買担当者景気指数,見通し,日銀,日経平均株価,記者会見,短観,円相場,上げ幅,景況感,市場予想,売上高,PMI,中国製造業購買担当者景気指数,円売り,投資家心理,中国,投資家,終値,見方,JPX日経インデックス400,速報値,橋下,運用リスク,業況判断指数,東証株価指数,東京株式市場,東京外国為替市場,訪日外国人,上方,シリア,東京モーターショー,外局,売買代金,大企業製造業,前月,中国国家統計局,概算,全国企業短期経済観測調査,動き,上昇,軽自動車,閣僚会合,ユーロ安,マイナス,スマートフォン,ドル買い,先行き,追加緩和観測,米国,橋下徹大阪市長,仕組み,欧州中央銀行,独フォルクスワーゲン,背景,ユーロ,可能性,環太平洋経済連携協定,中国景気,参院選,交渉,ジャマイカ,安倍晋三首相,追加金融緩和,日歯連,登録車,TOPIX,追い風,値下がり,新日鉄住金,景気減速,波田,取材,広西チワン族自治区,輸出,減速,韓国,東証1部,オリックス,前日比,インバウンド,反体制派,製造業PMI確報値,パラリンピック,同社,自工会,厚生労働省,設備投資,トヨタ自動車,対ドル,アサド政権,不透明感,稲田朋美政調会長,低リスク通貨,値上がり銘柄数,防衛省,東芝,持ち高,ハイテク株,米雇用統計,設備投資計画,顧客,天候不順,中国経済,殺人容疑,ECB,対ユーロ,東北電力,売買高,スポーツ庁,米株式相場,首都キングストン,排ガス試験,医薬品,気象庁,国政政党,生産,ユーロ売り,前年実績,既存店ベース,人員削減,企業短期経済観測調査,需要,ダウ工業株30種平均,内訳,金融緩和観測,税負担,伸び悩み,過激派組織,欧州,国慶節,懸念,婦人雑貨,中国物流購入連合会,減速懸念,警察庁,防衛装備庁,米株式,新興国,同日,ノウハウ,歩行者,文部科学省,一部,インターネット,国内,中小企業,ホンダ,下落,国土交通省,ロシア,上値,東京一極集中,日本経済新聞,波田泉有,トヨタ,経済産業省,スマホ,支払い,1日午前,従来予想,対ユーロ相場,アジア,好感,自販連,東京ビッグサイト,千代田,日歯,おおさか,連結純利益,監査役会,株式相場,田口壮,下村博文文科相,ベイナー下院議長,中国政府,協議,ラオックス,全体,ディーゼル車,引き上げ,利上げ,方向,イスラム国,景気回復シナリオ,今春,半導体,建国記念日,国内外,低気圧,三村明夫会頭,日本自動車販売協会連合会,産業スパイ,国内証券,エネルギー,高値,非製造業,今季,追加,日本商工会議所,円買い,白物家電,プラス,捜査関係者,第一中央汽船,改革,高いナスダック総合株価指数,円,見込み,売却,自動車,おおさか維新,第一生命,必要性,全額出資子会社,17時時点,乳製品,Islamic State,センサー,岩田一政,買い戻し,会計不祥事,サービス,一方,影響,鈴木大地初代長官,鉱工業生産指数,日本勢,老朽化,民間調査,ロンドン外国為替市場,県警,シンプソンミラー首相,受け止め,新党,二階俊博総務会長,鹿児島銀行,パレスチナ,トルコ,拡大,反動,辞令,2016会計年度,三菱UFJ,続伸,日本歯科医師連盟,好天候,大企業非製造業,大筋合意,ジャスダック市場,情報技術,室町正志社長,想定,カリフォルニア州,ドル売り,不動産株,全国軽自動車協会連合会,リストラ,政治資金規正法違反事件,シリア情勢,国連安全保障理事会,クラウン,オバマ米大統領,当局,ウクライナ,小高い水準,三井不,警戒感,国内銀行,両社,横ばい,池史彦会長,北海道,アフガン,めど,習近平国家主席,茂木敏充選挙対策委員長,肥後銀行,恐れ,傘下,米株式市場,地方分権,システム,ターボチャージャー,国会議員,日経ジャスダック平均株価,取り組み,米連邦準備理事会,実証実験,自民党,経団連,マイナンバー,再建,京セラドーム大阪,短期経済観測調査,低所得者,前引け,純利益,実用化,大阪市内,リコール,サハリン付近,液晶パネル,個別銘柄,活性化,過給器,W杯,節目,説明会,英ポンド,フィンテック,ダウ平均,全軽自協,アジア株式相場,増加,日本自動車工業会,比率,消費者物価指数,労働組合,内閣改造,前年同月比7.6%減,防衛装備品,ユーロ圏インフレ率,東京海上日動火災保険,厳しい船出,TOP20,暫定予算案,北陸,同時点,前年,同期間,日本経済新聞社,新体制,従業員,政府閉鎖,政治団体,秋物,子会社,前年同期比5.8%減,対象,東北,リスク回避姿勢,谷垣禎一幹事長,四国,ITSコネクト,第一生命保険,持ち高調整,車体,メガバンク,雇用者数,抱負,日立製作所,フランス,会計検査院,メド,米雇用指標,結党大会,共和党,連邦助成金,日本銀行副総裁,同容疑者,来季,行政処分,小売り,アジア各国,全国,社会保障,前回調査,指標,江東,負担増,決算期変更,受注,イスラエル,値幅,近畿,公明党,ロボットタクシー,北日本,TPP,小学生,爆弾低気圧,共和党保守派,実需,一定,排気量660cc超,遺族,自民党役員人事,取引,母親,ニューヨーク,西武,アフガニスタン,欧米,反発,発表,オーストラリア,新会社,環境省,新車販売台数,職員,執行部,専門官庁,中東,地方創生,安定性,九州フィナンシャルグループ,銘柄,大成建,迂回寄付,疑い,スポーツ振興,主力,全米雇用リポート,調査,悲観論,ベトナム,訓示,東京,準々決勝,自動運転車,運用,資本金,新興企業向け株式市場,四半期ベース,文科省,割合,テロリスト,事業,三重県伊勢市,企画立案,ロンドン株式相場,寄り付き前,台湾,燃料電池車,香港,FTSE100種総合株価指数,観測,妊娠中絶,東海,最大瞬間風速45メートル,チーム,裏付け,改善,もみ合い,値動き,東証2部株価指数,ディー・エヌ・エー,東日本大震災,普及,高波,アジア株,南アフリカ,議論,甘利明経済財政,前年割れ,不振事業,住民,省庁,119円77銭近辺,雇用問題,供述,アッバス議長,副首都,高木幹正容疑者,提携策,業況判断DI,9カ月連続,被害,安倍首相,経緯,同35メートル,維新,男子生徒,下げ,同行記者団,日米,国連総会,中央集権国家,日本経済研究センター理事長,規制対象,大型連休,物価情勢,福良淳一監督代行,米マイクロソフト,非営利団体,品ぞろえ,政府機関閉鎖,ファン,折半,企業,日本海,日本,政治資金規正法違反容疑,安全保障関連法,指摘,スポーツ関連事業,構造改革,継続,株式,シリコンバレー,逮捕容疑
2015-10-08,日経平均株価,見通し,売上高,W杯,環太平洋経済連携協定,安倍晋三首相,内閣府,円相場,東京株式市場,売り,ファーストリテイリング,JPX日経インデックス400,利益確定売り,上値,下げ幅,独フォルクスワーゲン,売買代金,高値,概算,方針,終値,ワールドカップ,第3次安倍改造内閣,日銀,記者会見,南アフリカ,投資家,上海株,純利益,東証1部,先行き,具体策,上昇,民間設備投資,東証株価指数,パナソニック,国慶節,中国,ドル安水準,同社,オーストラリア,前月比,営業利益,手掛かり,一方,船舶,見方,黒字,売り上げ,米国,黒田東彦総裁,値下がり銘柄数,機械受注統計,収益,先行指標,大筋,イトーヨーカ堂,スマートフォン,アレクシエービッチ,様子見ムード,連結決算,米連邦公開市場委員会,連結純利益,シリア,反動,既存店売上高,財務省,東京外国為替市場,持ち直し,足踏み,東証,経済政策,社会保障,可能性,百貨店,関係者,安全保障関連法,投資家心理,日経ジャスダック平均株価,対ドル,値上がり,景気減速,セブン&amp;アイ・ホールディングス,合併,自治体,全体,イングランド大会,議事要旨,赤字幅,半面,同日,スマホ,追加緩和観測,上海株式相場,ソフトバンク,ダウ工業株30種平均,ほか,疑い,利益確定目的,値上げ,電力除く民需,日本経済新聞社,姿勢,重荷,厚生労働省,日産自動車,新興国経済,法務省,背景,前年,小幅続伸,サービス,円買い,売買高,自動車,再発防止,高潮,西武春日部店,民需,フランス,客単価,そごう,受注額,資金,低リスク通貨,販売,一億総活躍社会,コンビニエンスストア,TOPIX,トヨタ自動車,インドネシア,大型連休明け,インタビュー,ベルギー,米株式相場,リコール,ドイツ,中心,影響,原油安,考査委員,傘下,FOMC,東京電力福島第1原子力発電所事故,足元,検討,同省,東南アジア,連休明け,北海道,各国,山口氏,クリントン,追加緩和,需給ギャップ,黒字幅,FCVプラス,ブラッター,ユーロ高,前年同期比,ユーロ,排ガス,青柳幸一,梶田隆章,エネサーブ,下方,アンハイザー・ブッシュ・インベブ,日経平均,COP21,原油価格,東京商工リサーチ,ラグビー,会見,好感,回復,金融政策,企業,ハヤトウ,改善,アナリスト,物価,鄭夢準,ユーロ安,故マイケル・ジャクソン,輸入額,根室市,生産面,首相官邸,小売り,日本マクドナルドホールディングス,スコットランド,ソニーATV,ワトソン,買い,担当者,ベラルーシ,指摘,減速,認識,地合い,国家公務員法,外国人観光客,勝ち点,安値,基調判断,増加,VW,東燃ゼネラル石油,円売り,ロンドン外国為替市場,超大型,TPP,中ごろ,前期比,前月比5.7%減,最終戦,市場予想,値動き,ドル売り,欧州,減少,戻り待ち,外需,判決,改造内閣,シンガポール,日本貿易振興機構,自民党執行部,ジャスダック市場,根室港,高安,えりも町,取引,家計動向,従来,きっかけ,機器,計画,倫理委員会,ソニー,意向,内需株,検査院,内閣改造,輸入枠,対ユーロ,オフィス,新日鉄住金,第21回国連気候変動枠組み条約締約国,株式,既存店,ソフトキネティックシステムズ,景気,ドル買い,刑事責任,問題,サウジアラビア,村上春樹,輸出額,制度,釧路市,回復基調,スポーツカー,引き合い,記者団,アジア各国,運用リスク,ダウ平均,サモア,北米,景気ウオッチャー調査,銘柄,伸び率,FIFA,買収,主軸,鉱業株,水準,ノーベル文学賞,機械受注,政権運営,プレイステーション,グーグル,客離れ,トタル,新型コンピューター,週間,高いナスダック総合株価指数,年間配当,ファストリ,見直し,東京モーターショー,司法試験,就業率,原油,丸川珠代環境相,逮捕容疑,負債総額,TOP20,狙い,気象庁,M&amp;A,理由,避難勧告,月内,顔ぶれ,会計検査院,株式相場,日本,連携,医薬品,苫小牧市,最大瞬間風速,エネット,市場,ユーロ買い,生産,明治大法科大学院,一部,下げ足,現時点,不透明感,プーチン大統領,勢い,浸水被害,歯止め,見込み,別海町,漏洩事件,米株式市場,村田紀敏社長,前日比,作詞家,オフィスビル,過激派組織,基調,悪化,チェルノブイリ,きょう,裁判員裁判,当面,対ユーロ相場,新型車,従来予想,子供,輸出,米紙ウォール・ストリート,客数,急務,航空機,専門家,関東,予想最大風速,温帯低気圧,福島県,国内ユニクロ事業,日本経済新聞,大幅高,ロボット,事業,相場,思惑,知的財産権,来年度,住民,小売業,コメ,期待感,反落,千代田,鄭氏,捜査,安倍内閣,観光客誘致,経済指標,新興企業向け株式市場,主力,排ガス規制,マイナス,香港株,海外ユニクロ事業,独連邦自動車局,物価上昇,不正問題,さいたま地裁,ロムー,司法試験問題,先行き判断指数,被告,石油株,再生可能エネルギー,歩調,人工知能,企業動向,前年同期,国土交通省,ライセンス料,およそ1カ月半ぶり,暴風,拡大,小型多目的スポーツ車,訴訟,指標,名目,定額制音楽配信サービス,柳井正会長兼社長,三鬼商事,中値決済,客足,世界,オバマ大統領,暫定措置,チャンス,ブリュッセル,業種別,印税,営業収益,貿易収支,前年同月,欧州中央銀行,産油国,ビール世界最大手,売れ行き,単月,金融経済月報,下落,各省庁,証言,作曲家,アフガン帰還兵,経常収支,前向き,重要性,東北地方,期待,前月,動き,上海市場,三浦豊シニア,イスラム国,国際サッカー連盟,価格下落,コンセプト車,衣料品,ソニーATVミュージック,人件費,ソフトバンクグループ傘下,供給力,みずほ証券,競争,黒字額,高層ビル,前月比1.8ポイント低下,契約者,空室率,大筋合意,被災者,値幅,電子商取引,大阪ガス,再稼働,利益,販路,街角景気,ロンドン株式相場,軍事介入,埼玉県春日部市,米グーグル,同課,欠航,折半,原油在庫,けが人,開発,不支持,排ガス試験,ブラッター会長,参院選,名古屋市,中国経済,値下がり,独メディア,低水準,報告書,FTSE100種総合株価指数,東京ガス,アベノミクス,小幅高,最大瞬間風速45メートル,飲食,電力監視委,燃料電池車,懸念,需給バランス,電子版,旗艦店,3.3平方メートルあたり1万7594円,潮位,準々決勝進出,年末商戦,中国関連株
2015-10-07,環太平洋経済連携協定,安倍晋三首相,日銀,記者会見,梶田隆章,円相場,売上高,金融政策決定会合,見通し,大筋合意,スマートフォン,第3次安倍改造内閣,日経平均株価,終値,純利益,黒田東彦総裁,減速,連結決算,上げ幅,甘利明経済財政,スマホ,大筋,上値,米国,方針,東証株価指数,前年同期比,同日,原油先物相場,高値,TPP,東京株式市場,主要閣僚,高齢者,JPX日経インデックス400,現状維持,大村智,売買代金,概算,石油,メド,指摘,首相官邸,東証1部,見方,景気,設備投資,東京外国為替市場,動き,ドル売り,ノーベル物理学賞,値下がり銘柄数,内閣改造,傘下,ユーロ高,値上がり銘柄数,営業利益,鉱業,ベトナム,前期比,ペプシコ,東証,既存店売上高,買い,値がさ株,金融緩和,ほか,ホンダ,内閣府,初入閣,加藤勝信官房副長官,重荷,閣僚名簿,ダウ工業株30種平均,円売り,香港,比率,投資家,一致指数,アフガニスタン北部クンドゥズ,好循環,経済政策,ファミリーマート,一方,中国,反動,従来,連結純利益,農相,資源株,米株式市場,速報値,臨時国会,対ドル,一億総活躍社会,クライマックス,オーストラリア,同日夕,それぞれ,建設,新興国経済,人民元,売買高,日経平均,ソフトバンク,影響,疑い,継続性,従来予想,日本経済新聞,円買い,需給,続伸,エーザイ,株価指数先物,再生相,きょう,上昇,経常利益,主力株,収益,ユーロ,業績,営業総収入,顔ぶれ,水準,うえ,見直し,持ち株会社,低リスク通貨,増益,方向感,医薬品,天候不順,エネルギー,相場,厚生労働省,大リーグ,ファストリ,フランス,売り,追加緩和,名目国内総生産,年間配当,前年同期,韓国サムスン電子,TOPIX,新棟,建機,実現,景気減速,警戒感,米連邦準備理事会,会合,最悪期,林幹雄衆院議院運営委員長,キャンベル,シーテック,早期利上げ観測,下げ幅,与党,抗がん剤,中谷元,人工知能,三村明夫会頭,山口氏,イラン,マーリンズ,シスコシステムズ,農林水産業,政府,ヤクルト,政策,需要,高額療養費制度,前週,買収,連携,取材,翁長雄志知事,消費者,国際通貨基金,岸田文雄外相,関係者,窓口負担,日本商工会議所,投資家心理,QUICKコンセンサス,生産面,キャンベル司令官,日本株,丸川珠代参院厚生労働委員長,赤字,日本郵政,国会承認,成長戦略,新製品,独フォルクスワーゲン,市場参加者,年内,基調,記者団,ドル,新日鉄住金,キャタピラー,飲料,経済界,減少傾向,関税,今季,同社長,海外ファンド主導,W杯,自動運転,アンハイザー・ブッシュ・インベブ,シェブロン,税財源,ロンドン外国為替市場,金融政策決定会合後,品ぞろえ,8月期,国民医療費,加藤勝信,取引,現物株,商品力,インド,トヨタ,前月,ブラジル,甘利,ジャスダック市場,金融政策,JR東日本,赤字幅,工期,ニューヨーク・マーカンタイル,マレーシア,小林喜光代表幹事,島尻安伊子参院議員,なか,パナソニック,景気動向指数,売上高営業利益率,生鮮食品,リュー,輸出,M&amp;A,経済産業相,9月期連結決算,梶田,可能性,意向,日経ジャスダック平均株価,マティアス・ミュラー社長,資源関連株,食品,前日比,MSF,食品スーパー,アジア各国,経済財政運営,年初来安値,不透明感,農家,足踏み,仕組み,シンガポール,昨季,木内登英審議委員,投資,ローソン,株式売却益,戸塚洋二,不正対象車,経済指標,取り組み,両社,共同,市場予想,総事業費,宜野湾市,米軍普天間基地,首位打者,出資比率,対ユーロ相場,経緯,米グーグル,議論,取引材料,マルエツ,強調,現時点,SABミラー,ジュネーブ条約,観点,売り上げ,欧米,脱却,17時時点,地方創生,既存店,朝鮮半島,三井物産,吉野家ホールディングス,早期,自由貿易協定,石油関連株,ドイツ,高いナスダック総合株価指数,税別,同時点,財務相,ディスプレー,シミックホールディングス,福岡市,牛丼,終値ベース,スニーカー,沖縄県,アジア,横ばい,国内外,国境なき医師団,仮条件,瑕疵,安全保障関連法,日立,課題,競争,トヨタ自動車,半導体,アルプス,ユニーグループ・ホールディングス,パイオニア,米企業業績,かんぽ生命保険,宿泊施設,みずほ証券,IoT,日立製作所,現行,黒字,株価,先行指数,GDP,エービーシー・マート,中部国際空港,島尻安伊子沖縄,発足,雇用,年初来高値,リコール,安全性,原油安,北方担当相,値動き,召集,勝者,原油,現役世代,患者,アナリスト予想,実額,後場寄り,農林水産省,背景,前年度,アフガン駐留米軍,国内対策,菅義偉官房長官,先行き,福井県,経済同友会,賃上げ,陳述書,競争力,市販車,指標,実用化,海外事業,温浴施設,麻生太郎副総理,潘基文事務総長,朝米,官邸,ドル買い,日本円,日銀金融政策決定会合,市場,下方,矢,朝方,日中韓首脳会談,問題,評価損,採算,営業収益,改革,経済最優先,安倍政権,病院,減速懸念,追加,採算改善,期近,米利上げ観測,資金流入,見込み,排ガス試験,誤爆,基本方針,国外犯処罰規定,NYMEX,新興企業向け株式市場,ネットワーク機器,前年同期比80%,農産物,国内,アベノミクス,道半ば,日清食品,ベネズエラ事業,ユナイテッド・スーパーマーケット,販売,文部科学省,前年実績,成果,顧客,セブン&amp;アイ・ホールディングス,世界経済,臨時閣議後,手続き,聴聞,スペイン,短期エネルギー見通し,子会社,締結,安値,企業収益,通期予想,銘柄,ソフトウエア,一角,中国経済,ウエスト・テキサス,時価総額,注射液,運転手,およそ2カ月半ぶり,退任,巨人,医療費,セ・リーグ,レギュラーシーズン,年長者,算出,改善,中央銀行,物価安定目標,所得,第3次改造内閣,クロアチア,千葉市,生産,プライベートブランド,7日,税負担,要介護度,センサー,電子版,与党内,公費,7日午前,思惑,一部,ジョアンヌ・リュー会長,愛知県常滑市,持ち時間,東京ドーム,現状,アングロ・アメリカン,球団,医学賞,増加,予算,TPP交渉,売り場,クラウド,同社,米軍,デフレ,整備計画,提案,自民党,シナジー,改造内閣,製造業,札幌市,窓口負担比率,責任者
2015-10-11,W杯,スコットランド,軽減税率,サモア,公明党,ワールドカップ,首都アンカラ,マイナンバー,負担軽減策,サービス,可能性,米国,勝ち点,ロシア,過激派組織,安倍晋三首相,南京大虐殺,首位,自爆テロ,従業員,菅義偉官房長官,プーチン大統領,社会保障,トルコ首相府,イングランド大会,方針,南アフリカ,負傷者,国際通貨基金,協議,死者,政府,北京,爆発,月内,ダウトオール首相,ユネスコ,宮沢洋一前経済産業相,南京軍事法廷,連立合意,死傷者,ニューカッスル,通算,欧州,それぞれ,リーマン,企業,日本政府,取り組み,日本経済新聞,共通番号,日本,問題点,水準,年内,消費税増税,自動車部品メーカー,導入,ラグビー,消費税率10%,ポールポジション,政権,ほか,IMF,資料,リマ,イスラム国,ブラジル,韓国,段階,歴史,中国外務省,異変,野党,決勝,スマートフォン,1次リーグ敗退,見通し,最終調整,イタリア,シェルター,長座体前屈,舞鶴引揚記念館,NTT東日本・NTT西日本,バグダディ指導者,安井至,サッチャー,前向き,世界記憶遺産登録,マイケル・ブルームバーグ,東京海上日動火災保険,邦銀,シリア,三井住友銀行,ジーテクト,スポーツ庁,体育の日,フィッシャー副議長,埋め立て承認,市消防局,イラン,手嶋多一,資金枠,Jリーグ・ヤマザキナビスコ・カップ,産官学,世銀,法人税,仏エールフランス航空,フアンセバスティアン・カバル,ヤマハ発動機,在宅医療,岩手県陸前高田市高田町,同行筋,売り場,先進国,シングルス,英虞湾,スタンレーレディーストーナメント,野田毅税調会長,グレンコア,訪日,ウェールズ,ディーンズ バーガー,がん細胞,アデミウソン,日本交通公社,立ち入り検査,ウフル,物理学賞,神戸ポートアイランドク,金野栄次,日本ハム,中谷元,エイシンヒカリ,綜合警備保障,国営アナトリア通信,WIE2015,習近平指導部,モトGPクラス,3Dスキャナー,クアラルンプール,日中関係筋,室田淳,コイララ,メルセデス,膜たんぱく質,スーパードライ,トップ棋士,ジャパンビバレッジ,放射性廃棄物,共和党,原子力強国,東寺百合文書,果糖,英国西部グロスター,浜口京子,預言者ムハンマド,全人代,日本政策投資銀行,中小企業,自民党,シベリア抑留者支援,横峯さくら,反ファシズム戦勝70年,独ルフトハンザ航空,活火山,日米,アサヒビール,噴石,小田龍一,邦人拘束,安全保障関連法成立,レセプト,川口順子,日本人,融資,ノーベル生理学,拠点,プレジデンツ,記者団,イ・ボミ,リオデジャネイロ五輪挑戦,伊勢志摩サミット,スパイ容疑,H形鋼,インコース,国連教育科学文化機関,弔慰金,権限,開業医,高山忠洋,強調,栃木県ツインリンクもてぎ,駆け付け警護,スポーツ庁担当者,英国,外務省談話,今季,小路明善社長,保健省,芝浦工業大学芝浦キャンパス,有光健代表世話人,トーシンパートナーズ・NTT東日本,アフガン駐留米軍,伊藤元重,アジア投資銀,最終ラウンド,海外投融資,シャルルドゴール空港近く,パラリンピック,新華社,黄重坤,リャン・ウェンチョン,内藤久士教授,日中韓首脳会談,インターネット,野田毅税制調査会長,診療報酬明細書,マッカーシー院内総務,原子力発電所,志摩市,鹿島,G20,スイス,対戦成績,医学賞,ビール類,アフガニスタン北部,主要国首脳会議,杉原敏一,準々決勝,東京海上日動リスク,シャクリー,野田氏,ホールインワン,沖野克文,準備通貨,佐藤優香,横ばい,イスラム教徒,顧客,ヤマハ,増資,ALSOK,梁津万,大使館ルート,ドルトムント,テヘラン,SDR,仏独航空大手,プレス工業,ファンケル,国連平和維持活動,ジェームズ・ワトソン博士,有明コロシアム,白浜育男,神戸,データベース,犠牲者数,シュレッダー,京都府舞鶴市,議長選,岩田寛,非合法武装組織クルド労働者党,NHK番組,野村ホールディングス,広島市中区流川町,南東部スルチ,ケーヒン,火災報知機,システム,大日本印刷,利上げ,田山寛豪,与党内,健康保険組合,共同,清水市代女流王将,スタン・バブリンカ,自民党税制調査会長,申請書,国防総省,仁川アジア大会以来約1年ぶり,見舞金,開催年,内藤教授,ノーベル賞,与党,インターネット上,マルセル,スペイン,4バーディー,構え,自動火災報知機,ウクライナ問題,レイベン・クラッセン,試合会場,バレンティーノ・ロッシ,抑留経験者,タッチパネル,エディオン,カリフ,抗日,志摩観光ホテルベイ,意向,GLUT5,党内,池田勇太,半分程度,IT化,企業向けネットバンキング,中国側,日本プロシニア選手権住友商事,耐久性,米国戦,ベイナー議長,移設工事,藤田寛之,全仏オープン王者,茨城県サミットGC,東京,米議会,過去,消防法,女子ゴルフ,三島市民体育館,合計点,開智日本橋学園中,おもてなし,現行,ビックカメラ,全国人民代表大会,FB五郎丸,税収減,全日本女子オープン選手権,フィギュア,wie@ieee-jp.org,アナトリア通信,同国領内,ホルヘ・ロレンソ,主張,南スーダン,勝ち越しゴール,運動能力,日中両政府,合理化,オリ,リストラ策,優勝,日本語学校経営,取材,来夏ごろ,ウェブ,賞金ランク首位,菅氏,与党税制改正大綱,中国当局,京都薬科大学,加盟国同士,契約書,サッカー,中国,独仏勢,病院,全日本選手権,状況,近藤共弘,複数,イスラム,式年大祭,イスラボニータ,セバスチャン・フェテル,殺傷力,宮里優作,万博記念競技場ほか,山車巡行,3カ国首脳会談,通称BRICS銀行,臨時国会,スポーツ基本計画,鉄道駅近く,既成事実,シングルス決勝,犯行声明,ロベルト・ファラ組,コロンビア,談話,ベルギー,南京事件,雑居ビル,今月末,ヨロズ,合同開発委員会,富士通,公開性,各国首脳,若手研究者,押印,米下院,最盛期,カリフォルニア州,宣伝合戦,翁長雄志知事,録画機,引き上げ,ノーボギー,子供,深堀圭一郎ら,李京勲,ボール投げ,都内,山口那津男代表,WTB藤田,米国選抜,消火器,国境なき医師団,訪日経験,予算編成,国際親善試合,ラウンジ,金崎,静岡県東名CC,サミットカップ最終日,中国人民元,アゼルバイジャン,フォースインディア・メルセデス,家電量販店各社,米南部アラバマ州,ロッカールーム,アサド政権支援,新開発銀行,グラウンド,DNPマイナンバーWEB収集サービス,新型原発,上田藍,トルコ史上,外交日程,ファイナルステージ進出,島谷弘幸,ネパール,盲腸,津波,治安当局者,中央銀行総裁会議,オートバイ,解決策,連邦準備理事会,宇佐美,ダブルス決勝,茨城県石岡GC,新潟,埼玉スタジアム,成績,民間人,緊急医療援助団体,負担緩和策,セガサミー杯以来,新設トーナメント,最大都市イスタンブール,細胞内,ザグレブ,融資実行,融資契約,レスリング女子75キロ級,原発推進,名護市辺野古沿岸部,同県宜野湾市,高齢者,目標,世界選手権,税制改正,発電能力,法人実効税率,暫定予算案,実行犯,看板政策,電子署名,シベリア抑留資料,ダニ・ペドロサ,関心,自ら,年間獲得賞金,新進気鋭,上海市,運動生理学,右膝,反復横とび,ピーク,データ解析,三方,初出場,主力ビール,トルコ共和国史上,特別引き出し権,二重らせん構造,法人税下げ競争,ツアーワールドカップ最終日,中国人,調査項目,三原舞依,もよう
2015-10-10,ユネスコ,米国,見通し,W杯,東寺百合文書,勝ち点,同社,可能性,中国,国連教育科学文化機関,シリア,シベリア抑留,高値,シベリア抑留資料,ダウ工業株30種平均,首都アンカラ,利上げ,ほか,独フォルクスワーゲン,クルド労働者党,ワールドカップ,同日,原油先物相場,金融政策,ユーロ,米連邦準備理事会,非合法武装組織,国宝,見方,インバウンド,ファイナルステージ進出,正恩,新興国,南京大虐殺,終値,反体制派,チュニジア,国営アナトリア通信,円相場,ダウ平均,利上げ開始,カテーテル,米連邦公開市場委員会,通算,鉄道駅近く,訪日外国人,国際通貨基金,引き揚げ,ルクセンブルク,アジア,株高基調,続伸,古文書,G20,首位,シャープ,スイス,雑居ビル,減少,需給,巨人,日本ハム,値動き,犠牲者,恐れ,とうじひゃくごうもんじょ,イスラム国,自動車,イングランド大会,資料,クライマックス,ブラッター会長,電子版,舞鶴引揚記念館,インタビュー,FIFA,円売り,女児,ロッテ,ラグビー,押し出し四球,世界記憶遺産,東日本大震災,朝鮮労働党創建70周年,トルコ,供給力,国際サッカー連盟,応援融通,過激派組織,昨冬,日本,ノーベル平和賞,旧日本軍,ターボチャージャー,取り下げ,鬼怒川,過給器,堤防,取材,アップル,米株式市場,ロシア,低リスク通貨,死傷者,安定供給,利益,生還,アナリスト,トラブル,世界経済,中東,アラブ首長国連邦,ファーストステージ,金正恩,日本経済新聞,サヨナラ勝ち,キム・ジョンウン,顧客,FOMC,自爆テロ,世界反ファシズム戦争勝利70周年,北朝鮮,上値,代打高橋由,整備,テヘラン,外国人観光客,逆風,準々決勝,ウエスト・テキサス,活動停止処分,今冬,テント張り,投資家,抗日戦争,対ドル,ソフトバンク,官民ファンド,欧州株,予備率,訪日外国人客,取引,それぞれ,アブダビ,政府,およそ1カ月半ぶり,歯止め,議事要旨,統合,後退,県警,取り組み,平壌,被害,背景,プロ野球,アサド政権,地政学リスク,スペイン,電力需給,イラン,申請,狙い,早期,期近物,新興国経済,習近平指導部,無償修理,掘削設備,環太平洋経済連携協定,必要性,民主化,東北豪雨,相場,リグ,京都府舞鶴市,沢村,当面,受賞,FRB,黒猫メイド魔法カフェ,年内,エレベーター,対日攻勢,レギュラーシーズン2位,産業革新機構,野党,戦闘再燃,けが人,スマートフォン,停戦,キヤノン,従軍慰安婦問題,国際諮問委員会,欧州,きっかけ,ゴール,状態,利便性,減速,江戸時代,インターネット,舛添知事,買い控え,意思表示,ルパート・マードック,佐藤寛介学芸員,黒田留美子,大極殿,豊田市美術館,佐藤杏香,NTTドコモ,執行猶予,フェートン,閖上地区,ロックハート総裁,化学兵器,いすゞ自動車,のぼりリコール,西本由美子理事長,ラグビーワールドカップ,MeijiSeikaファルマ,プルデンシャル生命保険,ヌスラ戦線,経済制裁,ふるまいちゃんこ鍋,共同窓口,車いすバスケットボール,鵜浦博夫社長,上訴,供給網,2階建て雑居ビル,退職者,前月比,持ち株会社,三井不動産,ザリフ外相,山田拓実,ちょうちん,明大,ムスダン,手嶋多一,ACミラン,米国人宣教師,ハッカー,避難所,ジョリビー,井手口信次容疑者,INAC神戸,IGCC,リコール,長距離弾道ミサイル,市消防局,小渕,三菱レイヨン,国立科学博物館,白化,政務官,中部国際空港,山田昌道,石井啓一国土交通相,立ち入り検査,みかじめ料,はがき,成田国際空港会社,防衛装備,革新機構,伸び率,留萌,オビナ,だんじり,アプリ,エルドアン大統領,手話,松島幸太朗,ヤマハ発動機,期近,イスラム,ブルージェイズ,裴相文,年末商戦,トンガ,南東部スルチ,同行筋,梶田隆章所長,熟練工,宿泊施設,クルド,IBEX35,市川大輔,広瀬勝貞知事,JR北海道,セ・リーグ,国連安全保障理事会常任理事国入り,生乳,褐虫藻,富士スピードウェイ,クアラルンプール,ジーン・マクギリアン,故杉原千畝,およそ,猟友会,人口減,田崎,鳴子峡,調査票,フランク・レシュ,経皮的カテーテル心筋焼灼,若林舞衣子,中台,ヘッジファンド,宮沢,心室頻拍,緊急理事会,著作権者,本会議,ロンドン外国為替市場,ブレイブスマッシュ,オーナーシェフ奥田政行,Vクラス,大西敏文,蔡氏,ちはや,スタンダードチャータード銀行,業種別S&amp;P500種株価指数,カテーテル治療,新地町,アトランタ連銀,カージナルス,空売りポジション,イエメン,柴又,構成銘柄,打撃,京都市,上川,排ガス,インド洋,記者団,広野町,三塁打,切り石,RS3スポーツバック,パ・リーグ,ファイナルステージ,クーデター,南部陽向,ともしび,府議会本会議,ダドリー総裁,来場者,ホラニ龍コリニアシ,第2次大戦後,リオデジャネイロ・パラリンピック,売り,河川激甚災害対策特別緊急事業,シャープ本体,地域,藤本麻子,繁華街,何度か試験発射,木内信夫,NPO法人,鉱業株,利用者,公明党,小売売上高,楢葉町,初優勝,北韓大学院大学,ロイヤルズ,資源株,宇垣匡雅所長,メンドーサ,共同声明,ハイテク株比率,中央銀行総裁会議,具体策,グループ,アストロズ,チューリヒ,米産トウモロコシ,米石油サービス会社ベーカー,高山忠洋,三角縁神獣鏡,最先端,保健省,巻き戻し,九州電力,米ロ対立,ウィンドウズ,劉,渡辺,需要,エネルギー,パレード,PKK,同部門,サントリー,数万人,記憶遺産,岡山県古代吉備文化財センター,日本経済新聞社,好決算,東京電力福島第1原子力発電所事故,S&amp;P500種株価指数,不服申し立て,ヒグマ,体制,不透明感,式典,住宅,舞鶴,伸び悩み,男はつらいよ,92年コンセンサス,道内,6バーディー,1次リーグB組最終戦,警察,ワイルドカード,劉雲山,シリア内戦,地合い,ニューヨーク連銀,同県安芸市,ニューヨーク証券取引所,採択,ユーロ買い,ホームページ,メイドカフェ,パナソニック,素粒子ニュートリノ,負担軽減策,対ユーロ相場,蔡英文主席,リスク回避姿勢,艦艇,各国,同県嘉麻市飯田,動機,火力発電所,自転車用,成田空港,岐阜県飛騨市神岡町,VW乗用車部門,北海道旅客鉄道,金日成広場,東京地裁判決,製造元シンドラーエレベータ社員,ダドリー・ニューヨーク連銀総裁,サッカー,梁津万,南京軍事法廷,法大,アマ,有明コロシアム,ソニー生命保険,いわき市,核開発,大陸間弾道ミサイル,経常増益,文書,同3位,客単価,姉妹都市,東京地検,大阪都構想,茨城県常総市内,在庫推定,かき入れ時,無罪,ルフトハンザ,広島県警,ドイツ銀行,首都中心部,輸出再開,鈴木孝夫被告,太平洋地域,先発,副大臣,マイクロソフト,電力会社,イーブンパー,南京大虐殺関連資料,小野晃征,スタン・バブリンカ,同国内務省,操山,五郎丸歩,河道,井手口容疑者,治安維持,フォルクスワーゲン,藤田慶和,求刑禁錮,ナホトカ市,連邦準備理事会,有無,不正対象車1100万台,火災報知機
2015-10-09,議事要旨,環太平洋経済連携協定,米連邦公開市場委員会,日経平均株価,FOMC,投資家心理,売上高,円相場,終値,独フォルクスワーゲン,見通し,甘利明経済財政,JPX日経インデックス400,大筋合意,上げ幅,高値,ダウ工業株30種平均,日本経済新聞,東証株価指数,減速,飲食店,安倍晋三首相,初会合,新日鉄住金,米株式相場,雑居ビル,米利上げ観測,米国,TPP,米連邦準備理事会,運用リスク,早期,ファストリ,東京外国為替市場,W杯,ドル高水準,見方,原油先物相場,上昇,インタビュー,円売り,イラン,ドル買い,東京株式市場,G20,年内利上げ,広島市中区流川町,米株式市場,FOMC議事要旨,売買代金,純利益,値下がり,TOPIX,概算,訪日外国人,中国,可能性,同社,オーストラリア,動き,ホーン,節目,利上げ,東証1部,買い,AP通信,取引,利上げ観測,東証,見込み,早期利上げ観測,狙い,従来予想,重荷,アジア,爆発音,関税,方針,値上がり銘柄数,9月開催分,中央銀行総裁会議,排ガス,同日,トヨタ自動車,投資家,再生相,経済産業省,需要,花店,ミヒャエル・ホーン社長兼最高経営,利用者,現時点,従業員,新興国,メキシコ,農業,消防隊員,米政府,シリア,ほか,公表,再稼働,懸念,金融市場,疑い,TPP総合対策本部,連結純利益,低リスク通貨,ソフトウエア,全閣僚,中心,財務相,対ドル,ホンダ,従来,FRB,打撃,前日比,ソフトバンク,警戒感,警察官,インターネット,ペルー,トヨタ,年内,勢い,手掛かり,記者会見,反発,繁華街,メド,17時時点,大筋,重体,米下院エネルギー,鉄鋼,株式市場,BHPビリトン,JR北海道,人工島,南部化成,中値決済,日産自動車,世界経済,ユーロ高,今冬,米中首脳会談,輸出,中小企業,下げ幅,構成銘柄,メイドカフェ,南シナ海,期近,サカタのタネ,けが,エネルギー関連株,ダウ平均,日本経済新聞社,影響,ラグビー,現場,大きいファストリ,広島県警,報告書,新興国経済,鉄骨2階建て,男性会社員,東南アジア,収益,金融政策,持ち高,マツヤ,上海株式相場,基本方針,ジャスダック市場,課徴金,沖縄電力,排ガス試験,長島忠美,プレーオフ,顧客,9日午前,パナソニック,スコットランド,日経平均,一角,ビル内,ワシントン,国内輸入企業,利益,けが人,声明,県警,女性従業員,首都リマ,上方,住友鉱,石油,日本ハム,政府,公聴会,下落,香港,勝ち点,水産物,米ダウ工業株30種平均,国際法,景況感,主力,ロシア,証言,自治体,日米,ルクセンブルク,全株式,自動車,所在,義家弘介,対ユーロ,国内外,アジア株,南シナ海問題,ウイルス,もよう,判決,ワールドカップ,域内,アルピコホールディングス,焼け跡,電力小売り,大型株,値上がり,構え,売買高,資金,基点,男性客,前引け,買い戻し,前期比横ばい,地方創生,同国,蔡英文主席,労働組合,強硬姿勢,藤浪,銀ザケ,煙,事前,総合資源エネルギー調査会,バイオ関連株,8日,黒い煙,ソフトウエア技術者,京都市,値動き,巨人,周辺,インド,無職,TOP20,標的,規制,裁判員裁判,甘利,バルセロナ,リスク資産,ハッジ,現場近く,黒猫メイド魔法カフェ,主権拡大,抑止,取り込み,商社,政策,金融機関,首相官邸,西南西,炎,ユーロ買い,日銀,商業委員会,航行,総務省,リスク,過去,既成事実化,実現,経産相,トルコ,火元,機関投資家,水準,民進党,韓国,検察側,アルピコHD,ユーロ高水準,英紙フィナンシャル・タイムズ,東京市場,異業種,火災,地政学リスク,リオ・ティント,オバマ政権,参入,エネルギー,運輸関連株,ディーゼル車,ロンドン株式相場,アジア各国,ブラジル,ロイヤル・ダッチ・シェル,不正問題,FTSE100種総合株価指数,株価指数先物,大谷,国債保有,対象,下期,指標,株式相場,微増,データ,インドネシア,男性,連結業績見通し,出火原因,前引け時点,日経ジャスダック平均株価,決算,諮問機関,成果,ボギー,サウジ当局,シンガポール,犠牲者,非鉄,通算,不透明感,120円ちょうど近辺,鉱業,東京都内,陳謝,国内銀行,上値,米政府高官,金利,値幅,組織ぐるみ,全国,設備,予想以上,介護施設,進出,競争力,ランニング,ブロッコリー,売り,反体制派,民家,巡礼者,英語名スプラトリー,首位,CEO,安値,国民,広島市最大,有識者検討会,後退,幅広い銘柄,中国経済,具体策,一連,マイナンバー,市消防局,身元確認,見直し,指摘,県内,節電,背景,業績,生産者,景気,太陽光発電,電力供給,全面自由化,8月19日以来ほぼ1カ月半ぶり,イスラム教最大,規定,スペイン,ドイツ,アステラス,南アフリカ,売り上げ,電力大手,インサイダー取引,安全資産,提携,ウエスト・テキサス,女性,前期決算,下方,各国,殺人,増加,重傷,クラウドサービス,大学,原材料,合併,市場拡大,競争激化,余力,日本株相場,道内,17日開催分,買収,安定供給,最低限,ケース,石破茂地方創生相,準々決勝進出,森山裕農相,だいはちたい,小型建機,トルコギキョウ,東電,アーキエムズ,大和住銀投信投資顧問,田淵電機,渡嘉敷奈緒美,国民会議,農業対策,2階建て,王将フードサービス,有機ELパネル,東芝機械,普通株,日ダイナミク,ナカダ容疑者,改正条例,美佐枝,三井製糖,アルゼンチン,京都大,畑原同県議会議長,ダイドードリンコ,書類送検容疑,精神鑑定医,内部被曝,水道水,ケクヒ・ケアリイカナカオレ,岸田静枝,ヌイ委員長,小水力発電,パソコン用DRAM,阿部真也,飯田市上殿岡,ホルヘ,決議案,クイーンズランド,沖田警察庁警備局長,影島広泰弁護士,日本サブウェイ,情報セキュリティー,庁内ネットワーク,加藤美穂,システム改修,杉山晋輔外務審議官,HSIANG FUH FAR,聖地,アウン・サン・スー・チー党首,国債,ウクライナ,同市安佐南区,遺体,国際通貨基金,サウジ,閣内,中朝,党候補指名争い,クリントン,ヒラリー・クリントン,ペニャニエト大統領,小渕,執行猶予,論告求刑公判,三浦豊シニアテクニカルアナリスト,北海道電力泊原子力発電所,美代子元被告,エンリケ・ペニャニエト大統領,関係国,万科企業,人権活動家,指数,バイヤースドルフ,火災事故,習近平国家主席
2015-10-13,記者会見,菅義偉官房長官,中国,前週末比,売上高,W杯,円相場,同社,輸出,下落,日経平均株価,買収,見通し,設備投資,ドル売り,内閣府,貿易統計,ベルギー,前年同月,シリア,円買い,先行き,安倍晋三首相,前年同期比,政府,ラグビー,東京外国為替市場,終値,前週末17時時点,消費者心理,コロンバス,前月,暮らし向き,対ドル,軽減税率,中値決済,引き上げ,純利益,利益確定売り,同業アンハイザー・ブッシュ,独フォルクスワーゲン,落ち込み,見方,従来予想,ワールドカップ,官民対話,法人実効税率,方針,動き,連結純利益,消費者,ダウ工業株30種平均,埋め立て承認,軽自動車,最大手,イングランド大会,翁長雄志知事,プレーオフ,ユーロ安,日銀,南アフリカ,背景,記者団,足踏み,北米,リライアンス,トランスG,新型車,JR東日本,ユネスコ,コンピューター外部記憶装置,減少幅,西地区,アンハイザー・ブッシュ・インベブ,東地区,前週末終値,ベア,傘下,ベステラ,コロンバス・デー,同日,大手デル,米株式市場,ベースアップ,英SABミラー,輸入額,日揮,売買代金,投資家,ユーロ,赤字,羽田空港,ジェイアイエヌ,高値,移設,一般世帯,概算,原油価格,バケモノ,閣議後,排ガス,米国,VW,値動き,米軍普天間基地,前期比年率,運用リスク,安値,消費者態度指数,要望,シンガポール,資源関連株,プラットホーム,ストレージ,スカイマーク,月内,オーストラリア,フィリピン,ユーロ高,民事再生手続き中,ブルージェイズ,売り,好感,EMC,インドネシア,韓国,リーチ・マイケル主将,カージナルス,13日,榊原定征会長,円売り,ディーゼル車,アングロ・アメリカン,貸倒引当金,有価証券報告書,ダウ平均,天候不順,可能性,M&amp;A,ソフトバンク,値幅,J&amp;J,反体制派,社会保障,林幹雄経済産業相,同課,プリウス,懸念,環太平洋経済連携協定,カブス,香港,低リスク通貨,ロイヤルズ,東京電力福島第1原子力発電所,クライマックス,承認取り消し,グレンコア,消費動向調査,アストロズ,生産性,ジャスダック市場,情報技術,走行性,ロンドン株式相場,東日本旅客鉄道,スマートフォン,低金利政策,議事要旨,加藤勝信一億総活躍相,QUICKコンセンサス,トヨタ自動車,ワイルドカード,FTSE100種総合株価指数,ロンドン外国為替市場,減税,モーター,メッツ,菅長官,連結配当性向,東京株式市場,米ドルベース,中国貿易統計,資源商社,甘利明経済財政,積極,ウイルス,ルクセンブルク,消費税率,榊原会長,ドジャース,東証,汚染水対策,委員,ジョンソン・エンド・ジョンソン,アジア,方向感,耐久消費財,エディー・ジョーンズ・ヘッド,欧州,日経ジャスダック平均株価,ガソリン1リットル当たり,レンジャーズ,ジュラシック・ワールド,名護市辺野古沿岸部,原油先物相場,投資家心理,新開発,TOP20,エコカー競争,リスク,福島県,影響,今大会,上昇基調,13日午前,議論,賃上げ,対ユーロ相場,需要,マイナス成長,与党,動向,訴訟,同国,高いガソリンエンジン,大型買収,足並み,輸入,拠出金,過去最大,基本,もよう,年収ベース,考え,製造業部門,日本ラグビー,恐れ,景気減速,アルト,半面,前年同月比,うえ,沖縄県,金融政策決定会合,トヨタ,大手,季節調整値,平均,過激派組織,ドル需給,原油,やりとり,東京電力福島第1原子力発電所事故,加盟国,認識,見直し,外国為替市場,支払い,目標,ニューヨーク,損害賠償,燃費効率,利益確定,南京大虐殺,廃炉作業,四半期決算,ロシア,構成銘柄,売り上げ,小型HV,外為市場,少ない車体デザイン,同社株,スズキ,後退,黒字,モルフォ,前月比1.1ポイント低下,従業員,患者,米利上げ観測,TNGA,経団連,買い時判断,見返り,人物,EMC株,低い車台,ボンネット,今期,アイサンテク,報道陣,前週末比203円93銭,下値,値上がり,防衛省沖縄防衛局,弁護士,単独決算,名古屋市,食品,大リーグ,前年,中心,速報値,新興企業向け株式市場,指揮,社内,債券,景気対策,米株式相場,ほか,住民,首相官邸,運賃,逮捕容疑,ハイブリッド車,透明性,東証1部,子会社,安倍政権,最終損益,国内,従来,盛り上がり,東証マザーズ指数,日本代表,収益,国連教育科学文化機関,眼鏡専門店,前年同期比27%増,イスラム国,排ガス試験,プラス,株主,営業損益,幾分,なか,金融政策,燃費性能,戻り待ち,資金,上昇率,不採算店,ノートパソコン,ひとり親世帯,不動産王ドナルド・トランプ,GODAITC,防犯カメラ,とりまとめ,シリア内戦,初会合,端末,膨張式救命胴衣,日本株先物,車いすバスケットボール,何人か,新日銀ネット,小動き,ウクライナ東部,竹内方和,ドローン,ATTACK ON TITAN,シアトル,前年比,五郎丸,JR九州,中央アジア,検査院,アビアンカ航空,ガリバーインターナショナル,小林喜光代表幹事,蒋潔敏,換気扇工場,ポンド,脳死,貴金属,チャージャーズ,正英,岩渕健輔ゼネラルマネジャー,コロケーション,窪田朋一郎シニアマーケット,自販連,買収額,クリントン,電気事業連合会,バークレイズ,オレア,園側,廃炉,シェブロン,波田,英国子会社,誰か,ホウレンソウ,勝負どころ,NHK交響楽団,上げ幅,原産国,ハイテク株,スタイリーウォーター レモン,トランスアクスル,バロウズ容疑者,荷室,東京都杉並区,日系,大熊町,ビックカメラ,ティグアン,TPPI社,ロールス・ロイス,アラブ人勢力,既存店売上高,大手町フィナンシャルシティ グラン,政策評価,シングテル,梶田隆章,引き下げ,管制官,ナスダック,ユナイテッド,中日本高速道路,公取委,インドネシアTPPI社,前期比,CJオンマート チャイナ,運航,メーカー,紙おむつ,キュキュット クリア除菌,日本経済再生本部,埋め立て,格下げ,南東部スルチ,避難指示,ニューヨーク金先物相場,同時点,こうていえき,歳出抑制策,FIDOアライアンス,コインプラグ,辺野古,チャワリット,首長,安藤証券,スロバキア,航空機,ゲノム編集,JR北海道,重光宏之,クルトゥルムシュ,原油先物,畜産物,ジュピターテレコム,カマンベール チーズ鱈,鈍化,東芝機械,下出衛チーフストラテジスト,ジョコ,ガス漏れ,取り計らい,買い付け価格,ドル買い,月報,アリババ集団,甘利,実質国内総生産,中央自動車道笹子トンネル,基調判断,富樫純子,値がさ株,スタンダードチャータード銀行,哀悼,金市場,マイク,すいぞう,合併,中づり広告,阪神電鉄本社,ロンドン,発表,償還,具体策,ヒーティングオイル,イノベーション,ユーロ買い,2年連続,米ラスベガス,日本生命保険,人民元建てベース,中国汽車工業協会,双葉町,聖域,売買高,先行き不透明感,S&amp;P,勝ち点,リオデジャネイロ・パラリンピック,客足,CJLP-133,実質賃金,航空大手
2015-10-12,W杯,クライマックス,ファイナルステージ進出,ファーストステージ,巨人,ワールドカップ,阿部,適時打,脳死,犠飛,パ両リーグとも,プロ野球,ディートン,W杯史上,対戦成績,前週末終値,レギュラーシーズン2位,ユネスコ,順天堂大病院,舞鶴引揚記念館,セ,シベリア抑留,可能性,ラグビー,国営新華社,2位日本ハム,実行犯,グロスター,日本臓器移植ネットワーク,アイルランド,日本,阪神,3位ロッテ,菅義偉官房長官,富山大病院,男児,臓器移植法,女児,首都アンカラ,米国,イングランド大会,ヤマハ発動機,6歳未満,見込み,自爆テロ,シリア,大阪大病院,世論調査,勝ち点,早大,青学大,用船,笹田夏実,ケニア,カブス,クラスター,ディーゼル車,軽減税率,樟,オーストリア,アムジェン,ダウトオール,セーフィー,GODAITC,ペイトリオッツ,日航機,ポーランド,前週末,コスモス,ヒューレット・パッカード,栄研化学,少子高齢化,同県由布市湯布院町,鉱業株,前週末同時点,洪,ラブリーデイ,吉村浩ゼネラルマネジャー,体験者,ハイテク株,経済学者トマ・ピケティ,日歯連,ハリルホジッチ,イラン,ファーストリテイリング傘下,半導体,蒋潔敏,保険料,甲府地方気象台,誰か,JR東日本,フェラーリ,自由党,消費行動,半面,大手,フレスニージョ,英国,すいぞう,シーホークス,カウボーイズ,インターナショナル・エアラインズ,ザリフ外相,栗山監督,見方,習近平指導部,年平均,今季,ベンガルズ,兼実省伍,デル,ファルコンズ,3試合制,国民党,マラリア原虫,国連教育科学文化機関,フローレンス・キプラガト,福士加代子,寺本明日香,小型機BN2Bアイランダー,ウェールズ,ランドゴールド・リソーシズ,買収,小幅続落,十八銀行,債権者,ディクソン・チュンバ,前週末比,過激派組織,スコットランド,小幅続伸,トライ,シカゴ,語り部,ロンドン外国為替市場,シルバーレイク・パートナーズ,アジテーション,第一中央汽船,船主,対ドル,4年連続,千葉県内,アンリ・ドゥキャストゥル会長兼,ブロンコス,パッカーズ,構成銘柄,ロールス・ロイス,周永康,シスコシステムズ,有権者,石井みどり参院議員,来季,上下線,承諾,手掛かり,カムフラージュ,高いナスダック総合株価指数,サービス,円相場,オーストリア社会民主党,飽き足らない有権者,値動き,カレンミロティック,レバンドフスキ,職権乱用,小型機,自民党,BSフジ番組,長崎大学,スタンダードチャータード銀行,豊後ゆふいん牛,南アフリカ,小動き,グラスゴー,方向感,サントリー,CS,移植ネット,対ユーロ相場,川田将雅騎乗,保険大手アクサ,伊藤竜馬,イスラム国,得票率,同市,今大会,市外在住者,スウェーデン王立科学アカデミー,フィンテック,12日付世界ランキング,大谷翔平投手,思いの丈,駒大,投資判断,EMCグループ,栗山英樹監督,サウンズオブアース,難民,テヘラン詣で,党中央委員会第5回全体会議,ベンチャー,最多勝,肉付け,イングランド大会1次リーグB組,党大会,米ストレージ,情報技術,休場,何人か,複数年契約,航空機エンジン,分析,五輪出場,中国電力,両立支援策,準々決勝,急性脳症,国立成育医療研究センター,同国首相府,ノバク・ジョコビッチ,大市場,岸田文雄外相,米投資ファンド,疑い,ダウ工業株30種平均,順位,売り,当該機,山梨県富士吉田市,刑事責任,このほど,政治資金規正法違反事件,南アフリカ戦,同社,ハリルホジッチ監督,引揚語り,個人消費,シリア北部アレッポ近郊,へそくり,ワコール,経済財政諮問会議,中国共産党,引き揚げ,公職選挙法,首都テヘラン,公認候補,舞鶴市,リオデジャネイロ五輪団体総合出場,心臓,旧エルピーダメモリ,加藤勝信一億総活躍相,添田豪,WTB藤田慶和,エイブル,トルコ治安当局者,世界記憶遺産,チーム,最優秀防御率,負担軽減策,脳死判定,ティグアン,政治局会議,犯人像,設備投資,ITインフラ市場,朱立倫,ダウ平均,民事再生手続き中,バイオ関連株,次期計画,時価総額,国民一人ひとり,改正移植法施行後4例目,現行計画,会期,山あい,プロフットボールNFL,外部記憶装置,リフトバレー熱ウイルス,パンタグラフ,安倍晋三首相,英国チェルトナム,日清食品,セルビア,北日本物産,週内,賃上げ,高齢化,払戻金,導入,コンピューター外部記憶装置,日歯連幹部,国立国際医療研究センター研究所,ストレージ,ノーベル経済学賞,勝利,改正法施行,アンガス・ディートン教授,ロシア軍,ロジャー・フェデラー,担い手,ユーモアあふれるメッセージ,秋冬物,アジア,小中学校,日本ハム,資源国,前週末比3ドル03セント安,同0.0020ドルユーロ高,たばこ株,ゴールドマン・サックス,中心,医薬品株,ティッカーシンボル,FCA,英スコットランド生まれ,鋭い末脚,中小事業者,広島県東広島市,銀行株,インシデント,アルバニア,若年層,少子高齢化対策,オーストリア自由党,着陸,米株式相場,杉原愛子,それぞれケニア,乱暴者,航空部品,W杯開催国,日本勢,天然ガス埋蔵量,ウィーン,年平均7%,前半,バーベキュー,京都府舞鶴市,世界選手権,開幕,中京大,来園者,ラオス,牛喰い絶叫大会,米プリンストン大学,ヤマ場,すすき,蔡英文主席,収賄,総統選,マイクロン・テクノロジー,フルバック五郎丸,12日午前,同日,極右市長,子ども,半導体メモリー,党主席,各地,日本歯科医師連盟,値上がり,錦織圭,軽減税率導入,語り部活動,国際人権団体ヒューマン・ライツ,出雲ドーム前,大型地方選,低所得者,米金融政策,重荷,ユナイテッドヘルス・グループ,スミス・グループ,W杯初出場,中道左派,クラスター弾,ネットワーク機器,独フォルクスワーゲン,小反発,分岐点,来館者,半導体市況,湖北省咸寧市中級人民法院,G2,第3次安倍改造内閣,アナリスト,旧ユーゴスラビア内戦,貧困層,ダニエル太郎,難民排斥,15歳未満,膵臓,日体大,手法,吉井賢,ウイング,ハンガリー動乱,連立合意,新体操,投票,注目度,小腸,10歳未満,外国人蔑視,仏プジョーシトロエングループ,ビッグデータ,法改正,FB五郎丸歩,1位ニュージーランド,東京地検特捜部,不発弾,集束,小塩隆士教授,本大会初出場,ロンドン株式相場,投資ファンド,追い風,両親,東京マラソン王者,ユニクロ,世界記録保持者,ハーフマラソン,海運中堅,債権者向け説明会,1次リーグ敗退,目先,同線大崎,中継所,運転,中国湖北省仙桃市,鹿児島空港,お年寄り,民進党,出雲全日本大学選抜駅伝,グルジア,特設ステージ,FTSE100種総合株価指数,スーパーボウル,同組首位,公共放送ORF,手腕,ロッテ,普通株,負傷者,羽田空港,佐渡島隆平社長,石油株,消費税増税,未体験者向け,犯行声明,拠出金,アフリカ,経済成長,足踏み状況,食料品,対戦車クラスター弾,中団,枠連,アンディ・マリー,2年ぶり,庄内緑地公園,サッカー,感染症対策,参院選,ルーマニア,和田毅投手,歩数,鹿児島県霧島市,中立国,前提,議論,引き上げ,来年半ば,左派王国,反動,国内船主,持ち味,名古屋市西区,ロイター通信,ソネット,プレーオフ,同市東区,シカゴ・マラソン,小型装置,用船料,第4クオーター,詰め,多数の子爆弾,危機感,当面,下落基調,人口維持,比率,公明党,小型プロペラ機,オーナー報告,冠雪,防犯セキュリティー市場,漢江中級人民法院,勢力,円安傾向
2015-10-14,日経平均株価,中国,見通し,記者会見,終値,円相場,同社,安倍晋三首相,JPX日経インデックス400,売上高,東京株式市場,貿易統計,イラン,ユーロ,売買代金,概算,東証株価指数,投資家心理,下落,見方,市場予想,下げ幅,値上がり,東証1部,国土交通省,新日鉄住金,オーストラリア,東洋ゴム工業,前月,前年同月比,環太平洋経済連携協定,重荷,同日,東京外国為替市場,先行き,スマートフォン,高値,売り,インターネット,円買い,対ユーロ,米株式相場,純利益,消費者物価指数,低リスク通貨,ドル建て,値下がり銘柄数,TOPIX,投資家,節目,景気,主力,疑い,ユーロ安,世界景気,対ドル,中安一幸容疑者,ほか,タブレット,減速懸念,習近平国家主席,ダウ工業株30種平均,背景,新興国,見込み,日本サッカー協会,東京,顧客,横ばい,米国,一方,ダウ平均,核問題,製造業,ドル売り,前月比,マイナンバー,船舶,インバウンド,株式相場,懸念,欧米,社会保障,方針,買い戻し,大筋,オバマ米大統領,金融株,インドネシア,銀行株,換金売り,CPI,同省,ソフトバンク,出荷,シンガポール,安値,利益確定売り,沖縄県,サッカー,水準,原材料,東南アジア諸国連合,卸売物価指数,反落,トルコ,自治体,影響,両社,収賄容疑,拠点,菅義偉官房長官,一部,軽減税率,減速,減少,買収,移設,ヒラリー・クリントン前米国務長官,年内,市場,アクティビスト,ロシア,四半期決算,JASDAQ-TOP20,制御棒,ユネスコ,CO2,伸び率,ロンドン,トヨタ自動車,日ダイナミク,公有水面埋立法,一院制,首位,楊潔篪国務委員,東証,中国景気,シンガポール金融通貨庁,セイノーホールディングス,米軍普天間基地,宮沢洋一前経済産業相,株価指数,マイケル・デル,三井住友建設,前年同期比,取り計らい,米欧,円売り,民主党,黒字,南シナ海,景気減速,売買高,安全保障関連法,運用リスク,減少幅,指摘,原子力規制委員会,デル,防振ゴム製品,低金利,目先,17時時点,金融政策,日本,大阪大学,鋼材,欧州,日清食品,共通番号,ウェルズ・ファーゴ,医薬品,下げ,続落,製品,朝方,増益,ウィンドウズ,値幅,観測,室長補佐,石井啓一国土交通相,免震ゴム,14日午前,同国,断熱パネル,シングルス,北朝鮮,川内,総括判断,非鉄金属,住民票,ガバナンス,ばらつき,中心,米株式,同氏,ケビン・アンダーソン,総務省,南アフリカ,訪日客,取引時間中,家宅,G20,月内,行政不服審査法,個別銘柄,手続き,ハイテク株,景気全体,公明党,W杯,任期,逮捕容疑,会談,14日,構成銘柄,もみ合い,下値,警視庁捜査2課,マスターズ上海大会,インタビュー,ボイラー,メルク,国交省,業績,最終損益,安倍首相,錦織圭,ジャスダック市場,鉄鋼,大筋合意,低迷,中値決済,電子版,ASEAN,公募投信,動き,ドル買い,下方修正,インド,傘下,性能偽装問題,米主要企業,政府,ユーロ高,ドル安水準,課税,保有株売却,需要,ゼネラル・エレクトリック,日経平均,自民党税制調査会長,需要鈍化,データ,ベトナム,預金,据え置き,アジア各国,パラリンピック,宜野湾市,上海総合指数,ベンチャー企業,調査,上昇,情報技術,不透明感,伸び,マイナス,翁長雄志知事,横浜市都筑区,イスラエル,個人投資家,ゴールドマン・サックス,声明,下落率,最多,回復,防振ゴム,輸入額,防衛省沖縄防衛局,ロンドン株式相場,生産,投資ファンド,拡販,2カ月連続,かんぽ生命,リース,経済制裁,前年同期比27%減,検討,FTSE100種総合株価指数,取り消し,独フォルクスワーゲン,減損処理,ニック・キリオス,乗用車,連結純利益,上値,赤字,朴槿恵,割合,資金確保,都市ガス,人員削減,前期比,選挙,余地,米大統領選,東日本大震災,利用者,打撃,報道,前週,今春,月例経済報告,幅広い分野,経済産業省,高いナスダック総合株価指数,第1回テレビ討論会,事実,国連安全保障理事会,小動き,周辺国,審査請求,主力銘柄,東京都内,輸入,ジョンソン・エンド・ジョンソン,住民,虚偽データ,連結営業利益,アイサンテク,TPP,一因,訪日外国人,施工会社,取り消し措置,バーニー・サンダース上院議員,売り上げ,個別項目,経緯,再稼働,FIFA,小売売上高,ユーロ買い,生産能力,理由,消費税率,中国当局,株主,テヘラン,M&amp;A,名護市辺野古沿岸部,便宜供与,建設機械,必要性,半導体世界最大手,両省,前引け時点,首相官邸,霞が関,核開発,歯止め,厚労省,投資信託協会,横浜市,過激派組織,上海株式相場,韓国,警戒感,景気敏感株,分野,上方修正,輸出,贈賄側,早期,控訴審判決,経費削減,急伸,岸田文雄外相,本格化,全国,文科省,取引,南京大虐殺,文書,厚生労働省,国民,保守強硬派,本命候補,持ち高調整,自社株買い,従来,ゆうちょ銀株,羽田空港,世界,シングルス2回戦,次世代,空爆,日用品大手,男子テニス,鈍い動き,欧州連合,正当性,回復基調,勢力,工業生産者出荷価格,マイナンバー制度導入,都市部,逮捕,9月期決算,国内外,財務省,鉄道車両,株安傾向,工場,九州電力,利上げ,首脳会議,逆転勝ち,最大,文部科学省,時価総額,英国,大統領府,納入先,減収,狙い,社内調査,新規制基準,内閣府,資金,13日,地方自治体,食料品,見返り,リスク回避姿勢,国際サッカー連盟,パク・クネ,埋め立て承認,当面,日経ジャスダック平均株価,ロンドン外国為替市場,戦略,バンク・オブ・アメリカ,新興国経済,中国国家統計局,可能性,日立製作所,石炭,核合意,新車,ワイファイ,川崎市,1株利益,二酸化炭素,批判,変動,データセンター部門,ウィンドウズ10,組み合わせ,経済協力開発機構,下方,効力,安売り,原油,昨秋,トヨタ,研究機関,艦艇,履行,金融危機,利益,保険株,対象,カーター米国防長官,経営陣,ロボット,プーチン大統領,製薬,イスラム国,成果,FCV,チェコ,石油株,基礎工事,企業,チーム,ツイッター,幹部,後退,調達通貨,世界貿易機関,謝礼,田中化研,なか,インテル,人工島,特別損失,橋本環奈,巨人,相沢紗世,相棒,山本耕史,新型プリウス,天皇杯,香里奈,リーチマイケル,佐藤浩市,一風堂,五郎丸 ポーズ,釈由美子,橋本マナミ,ラグビーワールドカップ,EMC,星宝の魔窟,ラグビー日本代表,出雲駅伝
