マルハニチロ,クロマグロの完全養殖開始 佐伯のマルハニチロ子会社,https://www.oita-press.co.jp/1010000000/2015/10/30/223012124,大分合同新聞,2015-10-29
マルハニチロ,クロマグロの完全養殖開始 佐伯のマルハニチロ子会社,http://www.news24.jp/nnn/news8835214.html,大分合同新聞,2015-10-29
マルハニチロ,マルハニチロの鯖缶『さば水煮』が受理…消費者庁届出情報,http://ascii.jp/elem/000/001/071/1071090/,ASCII.jp,2015-10-28
マルハニチロ,マルハニチロが反発、「15年4-9月期の経常は2割増」,http://kabutan.jp/news/marketnews/?b=n201510200089,株探ニュース,2015-10-19
マルハニチロ,マルハニチロ、上川隆也が明治時代に「新中華街」を食べ“冷食開化”を ...,http://navicon.jp/news/32939/,navicon ［ナビコン］,2015-10-16
マルハニチロ,冷凍チャーハン お茶漬け等ひと手間かけて違った味わい方も,http://news.livedoor.com/article/detail/10772300/,NEWSポストセブン,2015-10-30
マルハニチロ,冷凍チャーハン お茶漬け等ひと手間かけて違った味わい方も,http://www.news-postseven.com/archives/20151030_359513.html,NEWSポストセブン,2015-10-30
マルハニチロ,マルハニチロ物流／20億円投じ、鹿児島県に物流センター新設,http://lnews.jp/2015/08/h081417.html,ＬＮＥＷＳ,2015-08-15
マルハニチロ,マルハニチロ物流／20億円投じ、鹿児島県に物流センター新設,http://www.logi-today.com/180425,ＬＮＥＷＳ,2015-08-15
マルハニチロ,マルハニチロが初の受理…消費者庁届出情報,http://ascii.jp/elem/000/001/057/1057902/,ASCII.jp,2015-09-30
マルハニチロ,ペットフード、高機能品を増産 マルハニチロはタイに缶詰ライン,http://www.nikkei.com/article/DGXLASDZ16H7D_W5A910C1TI5000/,日本経済新聞,2015-09-16
マルハニチロ,マルハニチロ／石巻工場移転に伴い新工場設立,http://lnews.jp/2015/05/h052002.html,ＬＮＥＷＳ,2015-05-20
マルハニチロ,マルハニチロ／石巻工場移転に伴い新工場設立,http://www.sankei.com/economy/news/150519/ecn1505190064-n1.html,ＬＮＥＷＳ,2015-05-20
マルハニチロ,マルハニチロ 【1333】、前期経常を20％上方修正,http://kabutan.jp/news/?b=k201504270087,株探ニュース,2015-04-26
マルハニチロ,マルハニチロが2000円乗せ後に軟化、利益確定売り膨らむが先高期待も,http://shikiho.jp/tk/news/articles/0/73640,会社四季報オンライン (会員登録),2015-06-16
マルハニチロ,赤岩港の市有地 ヤヨイが取得へ,http://www.kahoku.co.jp/tohokunews/201510/20151027_12032.html,河北新報,2015-10-26
マルハニチロ,「時短料理」家電 おいしくアシスト,http://www.yomiuri.co.jp/life/homeguide/feature/CO016591/20151013-OYT8T50009.html,読売新聞,2015-10-19
マルハニチロ,東芝の不正に大きく影響した成果主義の弊害,http://business.nikkeibp.co.jp/atcl/interview/15/238739/101500069/,日経ビジネスオンライン,2015-10-20
マルハニチロ,消費者庁／機能性表示食品にフジッコ「毎日の大豆イソフラボン」,http://makernews.biz/201510275778-30/,メーカーニュース,2015-10-27
マルハニチロ,マルハニチロ、鹿児島に物流拠点 冷凍機能付き,http://www.nikkei.com/article/DGXLASDZ11HS4_R10C15A8TI5000/,日本経済新聞,2015-08-11
マルハニチロ,マルハニチロは大幅反発、１６年３月期の営業利益は７８．４％増予想,http://kabutan.jp/news/marketnews/?b=n201505080081,株探ニュース,2015-05-07
マルハニチロ,マルハニチロは大幅反発、１６年３月期の営業利益は７８．４％増予想,http://makernews.biz/201505074991/,株探ニュース,2015-05-07
マルハニチロ,イオン、プライベートブランドの本マグロ販売開始−マルハニチロが奄美 ...,http://www.nikkan.co.jp/news/nkx1120150605caam.html,日刊工業新聞,2015-06-04
マルハニチロ,イオン、プライベートブランドの本マグロ販売開始−マルハニチロが奄美 ...,http://www.asahi.com/and_M/information/SDI2015060457801.html,日刊工業新聞,2015-06-04
マルハニチロ,第11回企業力ランキング 調査協力企業名一覧,http://www.nikkan.co.jp/info/kigyouryoku2015.html,日刊工業新聞,2015-10-18
マルハニチロ,話題株ピックアップ【昼刊】：ハマキョウ、マルハニチロ、ノジマ、パイロット,http://kabutan.jp/news/marketnews/?b=n201505080146,株探ニュース,2015-05-07
マルハニチロ,【個別銘柄】ドコモやＮＴＴなど通信株が上昇、科研薬やタカタは安い,http://www.bloomberg.co.jp/news/123-NWHWB96KLVR501.html,ブルームバーグ,2015-10-19
マルハニチロ,マルハニチロ／ワインに合う缶詰シリーズと、ウイスキーに合う缶詰シリーズ,http://makernews.biz/201503244772/,メーカーニュース,2015-03-23
マルハニチロ,マルハニチロ／ワインに合う缶詰シリーズと、ウイスキーに合う缶詰シリーズ,http://ovo.kyodo.co.jp/news/gourmet/a-573182,メーカーニュース,2015-03-23
マルハニチロ,マルハニチロ調べ これから挑戦したい時短調理法は「炊飯器調理」...,http://news.mynavi.jp/news/2015/09/04/370/,ValuePress! (プレスリリース),2015-09-03
マルハニチロ,マルハニチロ調べ これから挑戦したい時短調理法は「炊飯器調理」...,https://www.value-press.com/pressrelease/148093,ValuePress! (プレスリリース),2015-09-03
マルハニチロ,マルハニチロ、ウイング社等 トクホ7商品を許可/消費者庁,http://news.e-expo.net/gyousei/2015/08/post-107.html,健康美容EXPO,2015-08-27
マルハニチロ,内部犯行は決して想定外ではない マルハニチロに見る混乱する ...,http://diamond.jp/articles/-/61763,ダイヤモンド・オンライン,2014-11-06
マルハニチロ,マルハニチロ／「月花 さんま煮付」など秋の新商品72点発売,http://makernews.biz/201507155390-3/,メーカーニュース,2015-07-15
マルハニチロ,介護食品に中鎖脂肪酸油−マルハニチロ、「ＭＣＴパウダー」用いた高栄養 ...,http://www.nikkan.co.jp/news/nkx1020150721ccaf.html,日刊工業新聞,2015-07-20
マルハニチロ,[FISCO]東証業種別ランキング：食料品が上昇率トップ、JT、日清粉、雪印 ...,http://www.gci-klug.jp/fxnews/detail.php?id=281810,Klug クルーク,2015-10-22
マルハニチロ,２０日の主な動意銘柄―宝ＨＬＤやＮＴＴなど高い、野村マイクロやエイジア ...,http://biz.searchina.net/id/1591942,サーチナ,2015-10-20
マルハニチロ,肌の辛いかゆみ・乾燥を予防してくれる身近な食べ物4つ,http://news.mynavi.jp/news/2015/10/06/683/,マイナビニュース,2015-10-06
マルハニチロ,マルハニチロ物流／鹿児島県出水市で物流センターを新設へ,http://www.e-logit.com/loginews/2015:081714.php,物流ニュースリリース (プレスリリース),2015-08-17
マルハニチロ,【広報エキスパート】マルハニチロ専務・押久保直樹氏 リスク情報は ...,http://www.sankeibiz.jp/business/news/150521/bsc1505210500001-n1.htm,SankeiBiz,2015-05-20
マルハニチロ,星7つ！ マルハニチロ「ゼリーdeゼロ SPECIAL みかん風味」をレビュー！,http://healthcare.itmedia.co.jp/hc/articles/1506/19/news027.html,ITmedia ヘルスケア,2015-06-18
マルハニチロ,日清オイリオ／マルハニチロ「もっとエネルギーシリーズ」に原料供給,http://makernews.biz/201507155403/,メーカーニュース,2015-07-15
マルハニチロ,消費者庁／機能性表示食品に大塚製薬「ネイチャーメイド イチョウ葉」,http://makernews.biz/201510065740/,メーカーニュース,2015-10-06
マルハニチロ,[FISCO]東証業種別ランキング：水産農林が上昇率トップ、サカタのタネは ...,http://www.gci-klug.jp/fxnews/detail.php?id=279345,Klug クルーク,2015-10-06
マルハニチロ,話題株ピックアップ【夕刊】（1）：セイノーＨＤ、マルハニチロ、日化薬、日東電,http://kabutan.jp/news/marketnews/?b=n201412240217,株探ニュース,2014-12-23
マルハニチロ,冷凍「あけぼの クリームブリュレ」発売（マルハニチロ）,https://news.nissyoku.co.jp/news/detail/?id=TREND20150810114807438,食の情報源,2015-08-18
マルハニチロ,マルハニチロ／「CoCo壱番屋 チーズカレードリア」新発売,http://makernews.biz/201502164541/,メーカーニュース（Maker News）,2015-02-15
マルハニチロ,冷凍「北海道 生乳えびグラタン」発売（マルハニチロ）,https://news.nissyoku.co.jp/news/detail/?id=TREND20150810115412685,食の情報源,2015-08-18
マルハニチロ,マルハニチロ、カップゼリーに幼虫混入 コンビニ向け,http://www.nikkei.com/article/DGXLASDG09H95_Z00C15A1000000/,日本経済新聞,2015-01-09
マルハニチロ,すべて私の責任､抜かりがあった,http://toyokeizai.net/articles/-/34471,東洋経済オンライン,2014-04-03
マルハニチロ,マルハニチロ､低すぎた｢食品提供者の責任感｣,http://toyokeizai.net/articles/-/36750,東洋経済オンライン,2014-05-02
マルハニチロ,〔決算〕マルハニチロ、今期営業益７８％増＝海外がけん引,http://www.jiji.com/jc/zc?k=201505/2015050700674,時事通信,2015-05-07
マルハニチロ,ずさんな実態､マルハニチロは変われるか,http://toyokeizai.net/articles/-/39257,東洋経済オンライン,2014-06-05
マルハニチロ,マルハニチロ／家の料理をフレンチに変えるソースなど6種類,http://makernews.biz/201502244595/,メーカーニュース（Maker News）,2015-02-24
マルハニチロ,冷凍そばめしにプラスチック片 2万5000個自主回収 マルハニチロ,http://www.hazardlab.jp/t/8447,地震予測検証 / 防災情報 ハザードラボ,2014-12-18
マルハニチロ,冷凍そばめしにプラスチック片 2万5000個自主回収 マルハニチロ,http://www.sponichi.co.jp/society/news/2014/12/18/kiji/K20141218009481950.html,地震予測検証 / 防災情報 ハザードラボ,2014-12-18
マルハニチロ,マルハニチロに問われる意識転換 冷凍食品の農薬混入事件が突き付け ...,http://toyokeizai.net/articles/-/29642,東洋経済オンライン,2014-01-30
マルハニチロ,マルハニチロ／「トクホ」のゼリー新発売,http://makernews.biz/201502194568/,メーカーニュース（Maker News）,2015-02-19
マルハニチロ,マルハニチロ／「トクホ」のゼリー新発売,http://news.e-expo.net/release/2015/02/post-155.html,メーカーニュース（Maker News）,2015-02-19
マルハニチロ,マルハニチロ／冷凍食品「あけぼの神戸名物そばめし450g」を回収,http://makernews.biz/201412184148/,メーカーニュース（Maker News）,2014-12-18
マルハニチロ,冷凍「あけぼの カマンベール入りチーズフライ」発売（マルハニチロ）,https://news.nissyoku.co.jp/news/detail/?id=TREND20150810114641044,食の情報源,2015-08-18
マルハニチロ,従業員逮捕､社長辞任､マルハニチロ視界不良,http://toyokeizai.net/articles/-/29211,東洋経済オンライン,2014-01-27
マルハニチロ,従業員逮捕､社長辞任､マルハニチロ視界不良,http://www.nikkei.com/article/DGXNASGF2501U_V20C14A1000000/,東洋経済オンライン,2014-01-27
マルハニチロ,冷凍「耳までチョコのマシュマロピザ」発売（マルハニチロ）,https://news.nissyoku.co.jp/news/detail/?id=TREND20150810115501957,食の情報源,2015-08-18
マルハニチロ,冷凍「くまちゃん占い 白身魚フライ＆マカロニ」発売（マルハニチロ）,https://news.nissyoku.co.jp/news/detail/?id=TREND20150810115550838,食の情報源,2015-08-18
マルハニチロ,冷凍「世界の山ちゃん監修ほたて風味フライ」発売（マルハニチロ）,https://news.nissyoku.co.jp/news/detail/?id=TREND20150810120003508,食の情報源,2015-08-18
マルハニチロ,冷凍「あけぼの おいしいおかず 油淋鶏（ユーリンチー）ねぎ香味だれ」発売 ...,https://news.nissyoku.co.jp/news/detail/?id=TREND20150810114541396,食の情報源,2015-08-18
マルハニチロ,ＰＢの製造者名の表示義務化 マルハニチロ問題で検討開始,http://diamond.jp/articles/-/48137,ダイヤモンド・オンライン,2014-02-03
マルハニチロ,マルハニチロ／米子会社の資産売却で27億円の特別利益計上、通期 ...,http://makernews.biz/201412224166/,メーカーニュース（Maker News）,2014-12-22
マルハニチロ,マルハニチロの「敵失」に怯える食品業界,http://business.nikkeibp.co.jp/article/topics/20140110/258050/,日経ビジネス オンライン,2014-01-13
マルハニチロ,マルハニチロ、農薬混入事件で迎える、新たな船出への試練～「第2の ...,http://biz-journal.jp/2014/02/post_4140.html,Business Journal,2014-02-13
マルハニチロ,国産原料１００％の魚肉ソーセージを発売 イオンとマルハニチロ,http://prtimes.jp/main/html/rd/p/000000259.000007505.html,産経ニュース,2014-10-30
マルハニチロ,国産原料１００％の魚肉ソーセージを発売 イオンとマルハニチロ,http://www.sankei.com/economy/news/141030/ecn1410300030-n1.html,産経ニュース,2014-10-30
マルハニチロ,マルハニチロ農薬検出問題、49歳契約社員を逮捕。容疑を否認,http://www.huffingtonpost.jp/2014/01/25/maruha-nichiro_n_4667127.html,ハフィントンポスト,2014-01-25
マルハニチロ,“このままでは、マルハニチロ事件が再び起きる!?”企業の不正リスクを ...,http://diamond.jp/articles/-/49913,ダイヤモンド・オンライン,2014-03-10
マルハニチロ,「激辛注意」の麻婆豆腐やチキンケバブなど、「アジアン味缶詰」全6種を ...,http://gigazine.net/news/20150222-maruha-nichiro-asian/,GIGAZINE,2015-02-21
マルハニチロ,マルハニチロ冷凍食品、少量コロッケでも「急性毒性が出る可能性」 13 ...,http://www.huffingtonpost.jp/2013/12/30/maruhanichiro_n_4521374.html,ハフィントンポスト,2013-12-30
マルハニチロ,冷凍「あけぼの 新中華街 芝麻担々麺（チーマータンタンメン）」発売 ...,https://news.nissyoku.co.jp/news/detail/?id=TREND20150810114414236,食の情報源,2015-08-18
マルハニチロ,マルハニチロ、賞味期限長い冷蔵食品に本格参入 新工場建設,http://www.nikkei.com/article/DGXLZO82332350T20C15A1TI0000/,日本経済新聞,2015-01-23
マルハニチロ,マルハニチロ／タイに物流倉庫建設,http://lnews.jp/2014/05/g053015.html,ＬＮＥＷＳ,2014-05-30
マルハニチロ,マルハニチロ、ゼリー67万個回収,http://makernews.biz/201407083106/,日本経済新聞,2014-07-08
マルハニチロ,マルハニチロ、ゼリー67万個回収,http://www.nikkei.com/article/DGXNASDG0804C_Y4A700C1CR8000/,日本経済新聞,2014-07-08
マルハニチロ,マルハニチロ、ゼリー67万個回収,http://kabutan.jp/news/marketnews/?b=n201407090152,日本経済新聞,2014-07-08
マルハニチロ,マルハニチロＨＤ会見「回収、販売額で13億円相当」,http://www.nikkei.com/article/DGXNASGF2900I_Z21C13A2000000/,日本経済新聞,2013-12-30
マルハニチロ,農薬、意図的に混入か マルハニチロ系の冷凍食品,http://www.nikkei.com/article/DGXNASDG3001H_Q3A231C1CC1000/,日本経済新聞,2013-12-30
マルハニチロ,農薬、意図的に混入か マルハニチロ系の冷凍食品,http://www.j-cast.com/2014/01/04193391.html,日本経済新聞,2013-12-30
マルハニチロ,農薬、意図的に混入か マルハニチロ系の冷凍食品,http://www.hazardlab.jp/know/topics/detail/4/2/4272.html,日本経済新聞,2013-12-30
マルハニチロ,農薬、意図的に混入か マルハニチロ系の冷凍食品,http://www.sponichi.co.jp/society/news/2013/12/29/kiji/K20131229007289880.html,日本経済新聞,2013-12-30
マルハニチロ,農薬、意図的に混入か マルハニチロ系の冷凍食品,http://makernews.biz/201312311808/,日本経済新聞,2013-12-30
マルハニチロ,マルハニチロ、缶詰など60品値上げ ９月出荷分から,http://www.nikkei.com/article/DGXLASDZ30H84_Q4A730C1TI0000/,日本経済新聞,2014-07-30
マルハニチロ,マルハニチロ、群馬工場を年内再開 農薬混入で安全体制強化,http://www.nikkei.com/article/DGXNZO71939070Z20C14A5TJ1000/,日本経済新聞,2014-05-28
マルハニチロ,マルハニチロ、群馬工場を年内再開 農薬混入で安全体制強化,http://makernews.biz/201405292823/,日本経済新聞,2014-05-28
マルハニチロ,マルハニチロ、冷凍食品「神戸名物そばめし」にプラスチック混入の恐れ ...,http://www.zaikei.co.jp/article/20141221/227581.html,財経新聞,2014-12-21
マルハニチロ,メディアで多数の記事になった注目のプレスリリース,https://www.atpress.ne.jp/news/45925,＠Press (プレスリリース),2014-04-30
マルハニチロ,マルハニチロ調べ 一緒に家飲みしたい有名人 1位「明石家さんま」さん,https://www.atpress.ne.jp/news/50134,＠Press (プレスリリース),2014-08-21
マルハニチロ,農薬、何者かが意図的に混入か,http://www.huffingtonpost.jp/2014/01/04/maruha-nichiro_n_4539935.html,ハフィントンポスト,2014-01-04
マルハニチロ,マルハニチロ、完全養殖のクロマグロ16年から出荷,http://kabutan.jp/news/marketnews/?b=n201405300065,日本経済新聞,2014-05-29
マルハニチロ,マルハニチロ、完全養殖のクロマグロ16年から出荷,http://www.nikkei.com/article/DGXNASDZ290G1_Z20C14A5TJ1000/,日本経済新聞,2014-05-29
マルハニチロ,マルハニチロ群馬工場、監視カメラ167台追加,http://www.tokyo-np.co.jp/article/gunma/20140802/CK2014080202000169.html,日本経済新聞,2014-08-01
マルハニチロ,マルハニチロ群馬工場、監視カメラ167台追加,http://www.nikkei.com/article/DGXLZO75104850R00C14A8L60000/,日本経済新聞,2014-08-01
マルハニチロ,マルハニチロ農薬混入・阿部利樹容疑者のコスプレ写真と実物が落差 ...,http://n-knuckles.com/serialization/kusaka/news001163.html,日刊ナックルズ,2014-01-30
マルハニチロ,マルハニチロ農薬混入・阿部利樹容疑者のコスプレ写真と実物が落差 ...,http://blogos.com/article/79020/,日刊ナックルズ,2014-01-30
マルハニチロ,マルハニチロ／缶詰、瓶詰、レトルト食品を値上げ,http://makernews.biz/201407303274-3/,メーカーニュース（Maker News）,2014-07-30
マルハニチロ,マルハニチロ傘下アクリ:夕張工場で一部非正規社員を自宅待機,http://www.nishinippon.co.jp/nnp/f_sougou/article/61768,ブルームバーグ,2014-01-08
マルハニチロ,マルハニチロ傘下アクリ:夕張工場で一部非正規社員を自宅待機,http://www.bloomberg.co.jp/news/123-MZ286I6JTSEH01.html,ブルームバーグ,2014-01-08
マルハニチロ,マルハニチロ傘下アクリ:夕張工場で一部非正規社員を自宅待機,http://www.sponichi.co.jp/society/news/2014/01/06/kiji/K20140106007330840.html,ブルームバーグ,2014-01-08
マルハニチロ,マルハニチロ／グループ6社合併の存続会社、東証1部への上場承認,http://makernews.biz/201403032239/,メーカーニュース（Maker News）,2014-03-03
マルハニチロ,海鮮倶楽部、マルハニチロとナマコ養殖で提携,http://www.nikkei.com/article/DGXNASFC28002_Y2A220C1L41000/,日本経済新聞,2012-02-28
マルハニチロ,マルハニチロ／屋台めし風のアジアン缶詰シリーズ,http://makernews.biz/201409173603/,メーカーニュース（Maker News）,2014-09-17
マルハニチロ,【マルハニチロホールディングス】 水産・食品で高シェアも低収益成長には ...,http://diamond.jp/articles/-/29452,ダイヤモンド・オンライン,2012-12-19
マルハニチロ,マルハニチロ、「アクリフーズ」回収費用に特別損失３５億円,http://www.zakzak.co.jp/economy/ecn-news/news/20140211/ecn1402110727000-n1.htm,ZAKZAK,2014-02-10
マルハニチロ,少量コロッケでも吐き気 マルハニチロ「影響なし」撤回,http://apital.asahi.com/article/news/2013123100004.html,朝日新聞,2013-12-30
マルハニチロ,マルハニチロ／アクリフーズの農薬混入事件で第三者検証委員会が中間 ...,http://makernews.biz/201404302626-2/,メーカーニュース（Maker News）,2014-04-30
マルハニチロ,マルハニチロＨＤ役員の説明責任は重大だと思う。,http://blogos.com/article/77369/,BLOGOS,2014-01-06
マルハニチロ,マルハニチロ農薬混入の容疑者、地元で目撃されていた「爆音コスプレ ...,http://n-knuckles.com/case/society/news001126.html,日刊ナックルズ,2014-01-25
マルハニチロ,新聞広告に回収商品掲載 マルハニチロとアクリフーズ,http://www.nikkei.com/article/DGXNASDG08032_Y4A100C1CR8000/,日本経済新聞,2014-01-08
マルハニチロ,マルハニチロ、冷凍食品「新中華街」坂上忍が坂本竜馬を演じるTVCM3 ...,http://navicon.jp/news/26266/,navicon ［ナビコン］,2014-10-29
マルハニチロ,マルハニチロ、冷凍食品「新中華街」坂上忍が坂本竜馬を演じるTVCM3 ...,http://prtimes.jp/main/html/rd/p/000000001.000011714.html,navicon ［ナビコン］,2014-10-29
マルハニチロ,マルハニチロホールディングス＜1334＞、子会社5社との合併を発表。,http://moneyzine.jp/article/detail/208652,MONEYzine,2013-07-29
マルハニチロ,マルハニチロホールディングス＜1334＞、子会社5社との合併を発表。,http://www.nikkei.com/article/DGXNASGF29028_Z20C13A7000000/,MONEYzine,2013-07-29
マルハニチロ,マルハニチロ／旧アクリフーズ群馬工場、8月操業再開,http://mainichi.jp/select/news/20140726k0000m040045000c.html,メーカーニュース（Maker News）,2014-07-24
マルハニチロ,マルハニチロ／旧アクリフーズ群馬工場、8月操業再開,http://makernews.biz/201407243225/,メーカーニュース（Maker News）,2014-07-24
マルハニチロ,新マルハニチロ社長に伊藤氏,http://www.nikkei.com/article/DGXNASGF2800P_Y3A021C1MM0000/,日本経済新聞,2013-10-27
マルハニチロ,新マルハニチロ社長に伊藤氏,http://makernews.biz/201310281336/,日本経済新聞,2013-10-27
マルハニチロ,「テレビ朝日、マルハニチロからケンタッキーまで！！4月は持株会社設立 ...,http://zuuonline.com/archives/8364,ZUU online,2014-04-27
マルハニチロ,マルハニチロ、豪州の漁業会社に５割出資 「メロ」販売拡大,http://www.nikkei.com/article/DGXNASDD040KQ_U3A201C1TJ2000/,日本経済新聞,2013-12-04
マルハニチロ,マルハニチロ、豪州の漁業会社に５割出資 「メロ」販売拡大,http://makernews.biz/201312041618/,日本経済新聞,2013-12-04
マルハニチロ,マルハニチロ系、夕張工場３割減産 買い控えの動き,http://www.nikkei.com/article/DGXNASGF1100V_R10C14A1TJC000/,日本経済新聞,2014-01-11
マルハニチロ,マルハニチロホールディングス 【1334】、今期経常を16％下方修正,http://kabutan.jp/news/?b=k201401270001,株探ニュース,2014-01-26
マルハニチロ,マルハニチロＨＤ、主要５子会社を合併,http://www.nikkei.com/article/DGXNASDD150S0_V10C13A3TJ2000/,日本経済新聞,2013-03-15
マルハニチロ,マルハニチロ「農薬混入」下着の中に入れて持ち込み包装段階で混入？,http://www.j-cast.com/tv/2014/01/06193412.html,J-CASTニュース,2014-01-05
マルハニチロ,マルハニチロホールディングス自主回収事件におけるメディア及び市場の ...,http://www.advertimes.com/20140123/article144182/,AdverTimes（アドタイ）,2014-01-22
マルハニチロ,マルハニチロHD子会社冷凍食品農薬混入事件の正しい読み方（1）,http://www.advertimes.com/20140109/article142600/,AdverTimes（アドタイ）,2014-01-08
マルハニチロ,マルハニチロ畜産／「かつや」のアークランドサービスと食肉加工の合弁 ...,http://makernews.biz/201403312431/,メーカーニュース（Maker News）,2014-03-31
マルハニチロ,マルハニチロ／アクリフーズ群馬工場の冷凍食品、回収率80.5％に修正,http://makernews.biz/201402052080/,メーカーニュース（Maker News）,2014-02-05
マルハニチロ,マルハニチロ／アクリフーズ群馬工場の冷凍食品、回収率85.9％,http://makernews.biz/201401221963/,メーカーニュース（Maker News）,2014-01-22
マルハニチロ,FamilyApps（ファミリーアップス）おしごと体験、“マルハニチロの おさかな ...,http://japan.zdnet.com/release/30049708/,ZDNet Japan,2013-08-05
マルハニチロ,マルハニチロ／アクリフーズ群馬工場の冷凍食品、回収率80％に,http://makernews.biz/201401191929-2/,メーカーニュース（Maker News）,2014-01-19
マルハニチロ,【十勝へのメッセージ−企業トップに聞く−】マルハニチロホールディングス ...,http://www.tokachi.co.jp/feature/201303/20130326-0015103.php,十勝毎日新聞,2013-03-26
マルハニチロ,マルハニチロ食品／さばの缶詰を回収,http://ryutsuu.biz/commodity/e100417.html,流通ニュース,2012-10-04
マルハニチロ,マルハニチロＨＤ、伊藤忠系のヤヨイ食品を買収,http://www.nikkei.com/article/DGXNASDD230JJ_T20C12A4TJ2000/,日本経済新聞,2012-04-23
マルハニチロ,マルハニチロHD／アクリフーズの製品回収関連費用、35億円計上,http://makernews.biz/201401261980-2/,メーカーニュース（Maker News）,2014-01-25
マルハニチロ,マルハ総会､農薬事件の質問相次ぐ,http://toyokeizai.net/articles/-/41235,東洋経済オンライン,2014-06-27
マルハニチロ,エア・ウォーター、マルハニチロの飲料子会社買収,http://www.nikkei.com/article/DGXNASDD070IL_X00C13A5TJ0000/,日本経済新聞,2013-05-07
マルハニチロ,マルハニチロ／食肉加工の合弁会社設立、「かつや」のアークランド ...,http://makernews.biz/201309301123/,メーカーニュース（Maker News）,2013-09-30
マルハニチロ,マルハニチロ／アクリフーズ群馬工場、全商品・外装のみ・中身のみも回収,http://makernews.biz/201401031810/,メーカーニュース（Maker News）,2014-01-02
マルハニチロ,大手食品、高齢者向け宅配に活路 ニチレイ・マルハニチロなど,http://www.nikkei.com/article/DGXNASDD170EZ_X10C12A8TJ0000/,日本経済新聞,2012-08-17
マルハニチロ,マルハニチロ食品／ワインに合うフレンチ風“おしゃれサバ缶”,http://makernews.biz/201310301344-2/,メーカーニュース（Maker News）,2013-10-29
マルハニチロ,ニチレイなど冷食各社が新商品発表 マルハニチロは会見中止も (1/2 ...,http://www.sankeibiz.jp/business/news/140116/bsc1401160503020-n1.htm,SankeiBiz,2014-01-15
マルハニチロ,マルハニチロHDが発足〜試金石は営業利益300億円の達成,http://www.nikkeibp.co.jp/style/biz/feature/news/071005_maruhanichiro/,nikkei BPnet,2007-10-07
マルハニチロ,横浜・川崎・湘南のキニナル情報が見つかる！WEBマガジン,http://hamarepo.com/story.php?story_id=3657,はまれぽ.com,2015-01-03
マルハニチロ,マルハニチロ／物流セグメント、2013年度売上150億円見込む,http://lnews.jp/2012/11/e112614.html,ＬＮＥＷＳ,2012-11-26
マルハニチロ,毎日和食を食べている人は3人に1人以上…マルハニチロ調べ,http://dietclub.jp/news/article/2015/06/09/9950.html,ダイエットクラブNEWS,2015-06-09
マルハニチロ,マルハニチロＨＤが回収を発表した市販用冷凍食品一覧,http://www.nikkei.com/article/DGXNASFK2902A_Z21C13A2000000/,日本経済新聞,2013-12-29
マルハニチロ,マルハニチロホールディングス、『ビジネスパーソンのランチと社員食堂 ...,https://www.value-press.com/pressrelease/118119,ValuePress! (プレスリリース),2013-11-08
マルハニチロ,株式投資の｢勝ち組｣になるコツ､教えます,http://toyokeizai.net/articles/-/77957,東洋経済オンライン,2015-07-22
マルハニチロ,女性登用をチェックする株主目線とは？,http://business.nikkeibp.co.jp/atcl/report/15/261748/071500001/,日経ビジネスオンライン,2015-07-16
マルハニチロ,マグロ急減で漁業者衝突 動かぬ水産庁の不可思議,http://wedge.ismedia.jp/articles/-/5318,WEDGE Infinity,2015-09-15
マルハニチロ,マグロ急減で漁業者衝突 動かぬ水産庁の不可思議,http://blogos.com/article/134249/,WEDGE Infinity,2015-09-15
マルハニチロ,マルハニチロ食品、マイナースポーツを応援するプロジェクトを開始,http://www.advertimes.com/20130904/article125247/,AdverTimes（アドタイ）,2013-09-04
マルハニチロ,マルハニチロがコラーゲン配合飲料をソーシャルメディア上でサンプリング,http://www.advertimes.com/20110805/article25607/,AdverTimes（アドタイ）,2011-08-04
マルハニチロ,伊藤忠4～6月期、純利益50％増 子会社売却や住生活関連など好調,http://www.nikkei.com/markets/kigyo/gyoseki.aspx?g=DGXLASFL04HIT_04082015000000,日本経済新聞,2015-08-03
マルハニチロ,本日のテーマ株！【TPP関連株】,http://www.asahi.com/articles/ASH7T6617H7TULFA007.html,株探ニュース,2015-07-23
マルハニチロ,本日のテーマ株！【TPP関連株】,http://kabutan.jp/news/marketnews/?b=n201507240046,株探ニュース,2015-07-23
マルハニチロ,【連載】なぜ、企業は不祥事を繰り返すのか？ ②アクリフーズの農薬混入 ...,https://newswitch.jp/p/1696,ニュースイッチ Newswitch,2015-08-25
マルハニチロ,マルハニチロ、九州の冷食工場を「地産型」に,http://www.nikkei.com/article/DGXNZO19338130T01C10A2TJ1000/,日本経済新聞,2010-12-03
マルハニチロ,「“生ぬるい調査”は東芝を傷つける」,http://business.nikkeibp.co.jp/article/topics/20150522/281464/,日経ビジネスオンライン,2015-05-22
マルハニチロ,福士蒼汰にはなれない！？「仮面ライダー」の懲りないホスト化に失笑の嵐,http://www.asagei.com/excerpt/41834,アサ芸プラス,2015-08-19
マルハニチロ,戦後、戦艦長門を捕鯨船に転用する“計画”があった！？,http://dot.asahi.com/dot/2015081300004.html,dot.,2015-08-13
マルハニチロ,子どものおやつ、食品会社がネットでレシピ紹介 2015年08月18日,http://www.yomiuri.co.jp/komachi/childcare/cnews/20150812-OYT8T50016.html,読売新聞,2015-08-17
マルハニチロ,カリスマ投資家が選ぶ株主優待銘柄,http://president.jp/articles/-/15168,PRESIDENT Online,2015-05-08
マルハニチロ,日清オイリオグループ「日清MCTパウダー」、介護食に原料供給,https://news.nissyoku.co.jp/news/detail/?id=MURAOKA20150718113832031&cc=01&ic=015,食の情報源,2015-08-09
マルハニチロ,極洋<1301>---グローバル戦略とシナジー戦略をさらに進化させる,http://web.fisco.jp/FiscoPFApl/NewsDetailWeb?nwsId=0009350020150727023&token=,FISCO（フィスコ）,2015-07-26
マルハニチロ,ロシア議会でのサケ・マス流し網禁止法案通過で日本の食卓への影響は,http://blogos.com/article/118776/,BLOGOS,2015-06-24
マルハニチロ,｢あのファミレス｣のピザに超絶ガッカリ！,http://toyokeizai.net/articles/-/74739,東洋経済オンライン,2015-06-25
マルハニチロ,ニチロサンフーズがマルハニチロ食品の完全子会社に、上場廃止へ,http://jp.reuters.com/article/2008/12/22/idJPJAPAN-35578020081222,ロイター,2008-12-22
マルハニチロ,食中毒や異物混入、なぜ発生？和式トイレでズボン汚染、作業着の自宅 ...,http://biz-journal.jp/2015/04/post_9632.html,Business Journal,2015-04-16
マルハニチロ,帝国ホテル、純利益34％増 ４～６月 訪日客増加で,http://www.nikkei.com/markets/kigyo/gyoseki.aspx?g=DGXLASDZ24I1V_24072015TJC000,日本経済新聞,2015-07-24
マルハニチロ,ホクリヨウ 【1384】、前期経常を20％上方修正・4期ぶり最高益更新へ,http://kabutan.jp/news/?b=k201509170006,株探ニュース,2015-09-16
マルハニチロ,今週の決算発表予定 トヨタ、ＮＴＴ、ソフトバンクなど（8月3日～8月7日）,http://kabutan.jp/news/marketnews/?b=n201508020035,株探ニュース,2015-08-01
マルハニチロ,「ゆるトク」機能性表示食品、出足振るわぬ４つの誤算,http://www.nikkei.com/article/DGXMZO88460330U5A620C1000000/,日本経済新聞 (ブログ),2015-06-29
マルハニチロ,＜話題の焦点＞＝ロングライフ食品は用途拡大、高齢化や個食化の ...,http://kabutan.jp/news/marketnews/?b=n201506150161,株探ニュース,2015-06-14
マルハニチロ,日水、機能性食品の売上高３倍に マルハニチロは生産倍増,http://www.nikkei.com/article/DGXNASDD020JX_S2A001C1TJ1000/,日本経済新聞,2012-10-02
マルハニチロ,日本人の“トロ信仰”により世界最古の漁法が消滅危機？ 地元スペインは ...,http://newsphere.jp/world-report/20150615-1/,ニュースフィア,2015-06-14
マルハニチロ,長嶋の横浜大洋監督就任を潰したのは財界の大物だった,http://www.nikkan-gendai.com/articles/view/sports/160136,日刊ゲンダイ,2015-05-26
マルハニチロ,素晴らしい日本式コンビニ、なぜ世界を侵食で文化を変革？進化し続けた ...,http://biz-journal.jp/2015/07/post_10720.html,Business Journal (風刺記事) (プレスリリース),2015-07-13
マルハニチロ,ゼラチンを食べると膝痛が消え、肌もスベスベ！市販パウダーは一袋 ...,http://biz-journal.jp/2015/05/post_9889.html,Business Journal,2015-05-10
マルハニチロ,本日の【サプライズ決算】 続報 （7月31日）,http://kabutan.jp/news/marketnews/?b=n201507310307,株探ニュース,2015-07-31
マルハニチロ,ちゃんぽん、チンして調理 マルハニチロ,http://www.nikkei.com/article/DGXNZO38666500Y2A200C1TJH000/,日本経済新聞,2012-02-08
マルハニチロ,シャープ、消沈の希望退職 経営再建策、３千人以上応募か 面談重ね ...,http://www.asahi.com/articles/DA3S11898972.html,朝日新聞,2015-08-04
マルハニチロ,雰囲気よりも中身が分かりやすいことが重要 ――「本格おつまみ缶詰」の ...,http://www.nikkeibp.co.jp/article/column/20150331/441260/,nikkei BPnet,2015-03-31
マルハニチロ,消費者庁／トクホにサントリー「ボス ブラック 185」など10品許可,http://makernews.biz/201509045662-6/,メーカーニュース,2015-09-04
マルハニチロ,アズワン純利益３％増 ４～６月、分析機器の販売好調,http://www.nikkei.com/markets/kigyo/gyoseki.aspx?g=DGXLASGD28H2K_28072015DTA000,日本経済新聞,2015-07-28
マルハニチロ,マルハニチロ食品、DHA配合の「合格ちくわ」,http://trendy.nikkeibp.co.jp/article/news/20081215/1021876/,日経トレンディネット,2008-12-14
マルハニチロ,ホクリヨウ 【1384】、今期経常を70％上方修正,http://kabutan.jp/news/?b=k201507080045,株探ニュース,2015-07-08
マルハニチロ,日本水産、エビを陸上養殖 安定調達へ大手本格参入,http://www.nikkei.com/article/DGXLASDZ25I2A_W5A520C1TI5000/,日本経済新聞,2015-05-26
マルハニチロ,「日本魚祭り」SAKANA JAPAN 開催,http://dentsu-ho.com/articles/2406,電通報,2015-04-09
マルハニチロ,「日本魚祭り」SAKANA JAPAN 開催,http://nlab.itmedia.co.jp/nl/articles/1504/08/news125.html,電通報,2015-04-09
マルハニチロ,本日の決算発表予定（8月3日） … ＪＴ、スズキ、塩野義など108社,http://kabutan.jp/news/marketnews/?b=n201508030003,株探ニュース,2015-08-02
マルハニチロ,酒かすで育つホルスタイン牛をブランド化,http://www.nikkei.com/article/DGXLZO89454980X10C15A7L41000/,日本経済新聞,2015-07-19
マルハニチロ,｢新ペヤング｣は､いったい何が変わったのか,http://toyokeizai.net/articles/-/65162,東洋経済オンライン,2015-04-02
マルハニチロ,イオン、完全養殖マグロ販売 15年６月から最大2000店,http://www.nikkei.com/article/DGXLZO80724870Q4A211C1TI0000/,日本経済新聞,2014-12-09
マルハニチロ,筑波大、脊髄を人工組織で再接合し生体信号の伝達に成功−ニューロ ...,http://www.nikkan.co.jp/news/nkx1020150721eaal.html,日刊工業新聞,2015-07-20
マルハニチロ,【↓】日経平均 大引け｜ギリシャ・ショックで大幅反落、一時527円安(7月 ...,http://kabutan.jp/news/marketnews/?b=n201507060270,株探ニュース,2015-07-06
マルハニチロ,2012年の思い出を缶詰に! 東京都豊洲マルハニチロで缶詰体験教室開催,http://news.mynavi.jp/news/2012/11/28/080/,マイナビニュース,2012-11-27
マルハニチロ,２０１４年度の実質賃金は３・０％減 物価上昇で下落率最大,https://www.shikoku-np.co.jp/national/economy/20150519000274,産経ニュース,2015-05-19
マルハニチロ,２０１４年度の実質賃金は３・０％減 物価上昇で下落率最大,http://www.sankei.com/economy/news/150519/ecn1505190065-n1.html,産経ニュース,2015-05-19
マルハニチロ,東芝株価、３割近く下落＝不適切会計が影響,http://www.fnn-news.com/news/headlines/articles/CONN00297505.html,時事通信,2015-07-15
マルハニチロ,東芝株価、３割近く下落＝不適切会計が影響,http://www.jiji.com/jc/c?g=eco&k=2015071500828,時事通信,2015-07-15
マルハニチロ,企業不祥事とレピュテーションマネジメントの関係,http://blogos.com/article/116086/,BLOGOS,2015-06-10
マルハニチロ,油井宇宙飛行士がISSで「こうのとり」をキャッチ・結合,http://www.sankei.com/photo/daily/news/150824/dly1508240043-n1.html,J-CASTニュース,2015-08-24
マルハニチロ,油井宇宙飛行士がISSで「こうのとり」をキャッチ・結合,http://www.j-cast.com/2015/08/25243429.html,J-CASTニュース,2015-08-24
マルハニチロ,本日の【業種】騰落ランキング ＝ 大引け 全業種・下落 【下落トップ】海運 ...,http://kabutan.jp/news/marketnews/?b=n201509290254,株探ニュース,2015-09-28
マルハニチロ,買ってはいけない好配当銘柄とは？3月末に向けてネット証券レポートで ...,http://diamond.jp/articles/-/67897,ダイヤモンド・オンライン,2015-03-05
マルハニチロ,日本水産、4-6月期(1Q)経常は14％増益で着地,http://kabutan.jp/news/marketnews/?b=k201508050009,株探ニュース,2015-08-04
マルハニチロ,クッキーもゼリーも「機能性」 素材の展示会ルポ,http://www.nikkei.com/article/DGXLASFK22H6Q_S5A520C1I00000/,日本経済新聞,2015-05-28
マルハニチロ,海外の日本食レストラン数が急増 2年前の1.6倍に,http://www.nikkei.com/article/DGXLASFS28H68_Y5A820C1EA1000/,J-CASTニュース,2015-08-28
マルハニチロ,海外の日本食レストラン数が急増 2年前の1.6倍に,http://www.j-cast.com/2015/08/29243889.html,J-CASTニュース,2015-08-28
マルハニチロ,スイートコーン１日千トン加工中 日本罐詰 芽室,http://www.tokachi.co.jp/news/201508/20150814-0021627.php,十勝毎日新聞,2015-08-13
マルハニチロ,高齢者見守り強化へ 登録者増目指す「あんしんネット」,https://www.oita-press.co.jp/1010000000/2015/07/01/210543752,大分合同新聞,2015-06-30
マルハニチロ,初！猛暑日お助けフェア！気温連動セール開催！食品ギフトセット解体 ...,http://prtimes.jp/main/html/rd/p/000000181.000005342.html,PR TIMES (プレスリリース),2015-07-29
マルハニチロ,“ジュースクレンズ”ブームの落とし穴「ビタミン全てを賄えない」「免疫力 ...,http://www.cyzowoman.com/2015/05/post_16048.html,サイゾーウーマン,2015-05-24
マルハニチロ,ＵＢＩＣが大幅反発、「AIの学習過程を可視化できる方法を開発」,http://kabutan.jp/news/marketnews/?b=n201509250099,株探ニュース,2015-09-24
マルハニチロ,食べたい日本の郷土料理、2位は讃岐うどん 1位は？,http://www.traicy.com/archives/8848709.html,Traicy,2015-06-30
マルハニチロ,日本水産 【1332】、今期経常は14％減益、前期配当を3期ぶり3円で復配 ...,http://kabutan.jp/news/?b=k201505150034,株探ニュース,2015-05-14
マルハニチロ,ホクリヨウ---北海道への訪日旅行客増加で恩恵を享受,http://kabutan.jp/news/marketnews/?b=n201509030234,株探ニュース,2015-09-02
マルハニチロ,【絶品】スーパーで売ってる冷凍シューマイ『たけのことしいたけの ...,http://rocketnews24.com/2015/06/16/595827/,ロケットニュース24,2015-06-15
マルハニチロ,名糖運輸、ヒューテックノオリン／親会社の役員人事と組織を内定,http://lnews.jp/2015/09/h091715.html,ＬＮＥＷＳ,2015-09-17
マルハニチロ,本日の【サプライズ決算】 続報 （5月1日）,http://kabutan.jp/news/marketnews/?b=n201505010263,株探ニュース,2015-05-01
マルハニチロ,本日の決算発表予定（5月7日） … キーエンス、任天堂、ドンキＨＤなど79社,http://kabutan.jp/news/marketnews/?b=n201505070009,株探ニュース,2015-05-06
マルハニチロ,高級サバ缶、値上げ相次ぐ 漁獲減・サイズも小さく,http://www.nikkei.com/article/DGXLZO88539640V20C15A6QM8000/,日本経済新聞,2015-06-25
マルハニチロ,《一読必須》今日の日経平均はこうなる～重量級の決算を前に決算ラリー ...,http://kabutan.jp/news/marketnews/?b=n201508040049,株探ニュース,2015-08-03
マルハニチロ,シャープ---年初来安値更新、上半期業績の下振れ観測報道を受け,http://kabutan.jp/news/marketnews/?b=n201509250151,株探ニュース,2015-09-24
マルハニチロ,ユニクロ、オーダーメイド感覚のメンズシャツ販売,http://www.tsuhannews.jp/%E3%83%A6%E3%83%8B%E3%82%AF%E3%83%AD%E3%80%81%E3%82%AA%E3%83%BC%E3%83%80%E3%83%BC%E3%83%A1%E3%82%A4%E3%83%89%E6%84%9F%E8%A6%9A%E3%81%AE%E3%83%A1%E3%83%B3%E3%82%BA%E3%82%B7%E3%83%A3%E3%83%84%E8%B2%A9/,通販通信,2015-08-17
マルハニチロ,被告に１億円損害賠償請求 冷食農薬混入でマルハニチロ側,http://www.sponichi.co.jp/society/news/2014/08/12/kiji/K20140812008730960.html,スポーツニッポン,2014-08-11
マルハニチロ,【今週の展望】満月の贈り物「北京冬季五輪」で21000円？,http://jp.wsj.com/articles/SB12433432845575373546004581148300551595340,エコノミックニュース (プレスリリース),2015-08-02
マルハニチロ,【今週の展望】満月の贈り物「北京冬季五輪」で21000円？,http://economic.jp/?p=51877,エコノミックニュース (プレスリリース),2015-08-02
マルハニチロ,ジェイドルフ製薬、第６製剤棟を建設−大腸肛門軟膏のジェネリック薬を ...,http://www.nikkan.co.jp/news/nkx1020150721ccab.html,日刊工業新聞,2015-07-20
マルハニチロ,ＩＫＥＡが世界各国でネット通販開始、日本での開始はいつ？,http://www.tsuhannews.jp/%EF%BD%89%EF%BD%8B%EF%BD%85%EF%BD%81%E3%81%8C%E4%B8%96%E7%95%8C%E5%90%84%E5%9B%BD%E3%81%A7%E3%83%8D%E3%83%83%E3%83%88%E9%80%9A%E8%B2%A9%E9%96%8B%E5%A7%8B%E3%80%81%E6%97%A5%E6%9C%AC%E3%81%A7%E3%81%AE/,通販通信,2015-06-08
マルハニチロ,マルハニチロが調査発表。よく食べる回転寿司のネタはサーモン、我慢 ...,http://news.mynavi.jp/news/2012/03/16/166/,マイナビニュース,2012-03-16
マルハニチロ,機能性表示食品が好調、各社の広告戦略は？（２）,http://www.tsuhannews.jp/%E6%A9%9F%E8%83%BD%E6%80%A7%E8%A1%A8%E7%A4%BA%E9%A3%9F%E5%93%81%E3%81%8C%E5%A5%BD%E8%AA%BF%E3%80%81%E5%90%84%E7%A4%BE%E3%81%AE%E5%BA%83%E5%91%8A%E6%88%A6%E7%95%A5%E3%81%AF%EF%BC%9F%EF%BC%88%EF%BC%92/,通販通信,2015-07-01
マルハニチロ,回転寿司をどんな時に利用する? ‐ 「自分が寿司を食べたいとき」が50%,http://news.mynavi.jp/news/2015/04/22/074/,マイナビニュース,2015-04-21
マルハニチロ,ホクト 【1379】、非開示だった今期経常は43％減益へ,http://kabutan.jp/news/?b=k201505190026,株探ニュース,2015-05-19
マルハニチロ,機能性表示食品が好調、ファンケルは発売日に２万件超の申込（１）,http://www.tsuhannews.jp/%E6%A9%9F%E8%83%BD%E6%80%A7%E8%A1%A8%E7%A4%BA%E9%A3%9F%E5%93%81%E3%81%8C%E5%A5%BD%E8%AA%BF%E3%80%81%E3%83%95%E3%82%A1%E3%83%B3%E3%82%B1%E3%83%AB%E3%81%AF%E7%99%BA%E5%A3%B2%E6%97%A5%E3%81%AB%EF%BC%92/,通販通信,2015-06-30
マルハニチロ,農薬混入事件 動機は工場長からの「カネあるね」という嫌み,http://www.news-postseven.com/archives/20140409_250254.html,NEWSポストセブン,2014-04-08
マルハニチロ,サカタのタネが急反発、アジアなど海外での種子事業拡大報道を材料視,http://kabutan.jp/news/marketnews/?b=n201507230178,株探ニュース,2015-07-22
マルハニチロ,同友会が対日投資拡大に向け提言 規制改革・撤廃しなければ「近隣諸国 ...,http://www.sankei.com/economy/news/150601/ecn1506010029-n1.html,産経ニュース,2015-06-01
マルハニチロ,セブン＆アイの「オムニチャネル戦略」を読み解く（２）,http://www.tsuhannews.jp/%E3%82%BB%E3%83%96%E3%83%B3%EF%BC%86%E3%82%A2%E3%82%A4%E3%81%AE%E3%80%8C%E3%82%AA%E3%83%A0%E3%83%8B%E3%83%81%E3%83%A3%E3%83%8D%E3%83%AB%E6%88%A6%E7%95%A5%E3%80%8D%E3%82%92%E8%AA%AD%E3%81%BF%E8%A7%A3-2/,通販通信,2015-09-25
マルハニチロ,東証業種別ランキング：倉庫運輸が上昇率トップ、三菱倉庫、トランコム ...,http://news.mynavi.jp/news/2015/09/07/382/,マイナビニュース,2015-09-07
マルハニチロ,中国ＥＣトップの京東、日本製品専門店「日本館」をオープン,http://www.tsuhannews.jp/%E4%B8%AD%E5%9B%BD%EF%BD%85%EF%BD%83%E3%83%88%E3%83%83%E3%83%97%E3%81%AE%E4%BA%AC%E6%9D%B1%E3%80%81%E6%97%A5%E6%9C%AC%E8%A3%BD%E5%93%81%E5%B0%82%E9%96%80%E5%BA%97%E3%80%8C%E6%97%A5%E6%9C%AC%E9%A4%A8/,通販通信,2015-06-01
マルハニチロ,【今週の展望】3月のSQ値19225円が再び意識されるか？,http://economic.jp/?p=49080,エコノミックニュース (プレスリリース),2015-05-06
マルハニチロ,男性が好きな人に作ってあげたい和食は「みそ汁」 - 作ってもらいたいのは?,http://news.mynavi.jp/news/2015/06/06/044/,マイナビニュース,2015-06-05
マルハニチロ,カルビー、全15工場で監視カメラ増設 従来の15倍,http://www.nikkei.com/article/DGXLASDZ08HZ7_Z00C15A5TJC000/,日本経済新聞,2015-05-09
マルハニチロ,ホクリヨウ、上期経常は4.8億円で着地,http://kabutan.jp/news/?b=k201504140029,株探ニュース,2015-04-13
マルハニチロ,25日地上派解禁！渡辺謙も認めた日本が誇る最強の神！ハリウッド版 ...,http://navicon.jp/news/32142/,navicon ［ナビコン］,2015-09-06
マルハニチロ,和食を「ほぼ毎日」食べている人はどのくらいいる?,http://news.mynavi.jp/news/2015/06/04/518/,マイナビニュース,2015-06-04
マルハニチロ,和食を「ほぼ毎日」食べている人はどのくらいいる?,http://ovo.kyodo.co.jp/ch/mame/a-592077,マイナビニュース,2015-06-04
マルハニチロ,JR西が生食用「お嬢サバ」を販売。養殖ブランド活性へ,http://tiiki.jp/news/01_news/2699.html,ブランド総合研究所,2015-06-29
マルハニチロ,相次ぐ食品への異物混入報道でソーシャルメディアの功罪を考えた,http://diamond.jp/articles/-/65150,ダイヤモンド・オンライン,2015-01-19
マルハニチロ,米国株は下落、9月利上げへの警戒感広がる（4日）／海外市場動向,http://www.asahi.com/business/reuters/CRBKCN0Q92AE.html,株探ニュース,2015-08-04
マルハニチロ,米国株は下落、9月利上げへの警戒感広がる（4日）／海外市場動向,http://kabutan.jp/news/marketnews/?b=n201508050020,株探ニュース,2015-08-04
マルハニチロ,成功するクロスボーダーM&Aのために,http://mag.executive.itmedia.co.jp/executive/articles/1502/16/news007.html,ITmedia エグゼクティブ,2015-02-15
マルハニチロ,資生堂／連結子会社の組織改正,http://makernews.biz/201509045661-4/,メーカーニュース,2015-09-03
マルハニチロ,ヤフー、「Ｙａｈｏｏ！ ＪＡＰＡＮ」アプリのテレビＣＭ開始,http://www.tsuhannews.jp/%E3%83%A4%E3%83%95%E3%83%BC%E3%80%81%E3%80%8C%EF%BD%99%EF%BD%81%EF%BD%88%EF%BD%8F%EF%BD%8F%EF%BC%81-%EF%BD%8A%EF%BD%81%EF%BD%90%EF%BD%81%EF%BD%8E%E3%80%8D%E3%82%A2%E3%83%97%E3%83%AA%E3%81%AE%E3%83%86/,通販通信,2015-09-13
マルハニチロ,市場成熟で上位集約 こだわり商材に支持 今秋はエスニック・減塩,https://news.nissyoku.co.jp/news/special/detail/?id=YOSHIOKAU20150827104048538&ic=040,食の情報源,2015-09-01
マルハニチロ,なめ茸大手の小松食品が破産,http://irorio.jp/nagasawamaki/20150903/258069/,食の情報源,2015-09-03
マルハニチロ,なめ茸大手の小松食品が破産,https://news.nissyoku.co.jp/news/detail/?id=NISHIZAWA20150903081243853&cc=01&ic=100,食の情報源,2015-09-03
マルハニチロ,慶大、骨が作り替えられる仕組み解明−がん治療薬の開発に応用,http://www.nikkan.co.jp/news/nkx1020150721eaad.html,日刊工業新聞,2015-07-20
マルハニチロ,＜前場の注目銘柄＞＝サカタのタネ、ＴＰＰ背景に株価変貌も,http://kabutan.jp/news/marketnews/?b=n201505200097,株探ニュース,2015-05-19
マルハニチロ,５病院「アクセス困難」 災害拠点周辺道路の冠水時,https://www.oita-press.co.jp/1010000000/2015/07/22/003231165,大分合同新聞,2015-07-21
マルハニチロ,プレゼント・チラシ情報を提供、「グノシーおとく」開始,http://www.tsuhannews.jp/%E3%83%97%E3%83%AC%E3%82%BC%E3%83%B3%E3%83%88%E3%83%BB%E3%83%81%E3%83%A9%E3%82%B7%E6%83%85%E5%A0%B1%E3%82%92%E6%8F%90%E4%BE%9B%E3%80%81%E3%80%8C%E3%82%B0%E3%83%8E%E3%82%B7%E3%83%BC%E3%81%8A%E3%81%A8/,通販通信,2015-09-09
マルハニチロ,今週の話題株ダイジェスト】 ＹＫＴ、ワールドＨＤ、シスロケ (5月7日～8日),http://kabutan.jp/news/marketnews/?b=n201505090025,株探ニュース,2015-05-08
マルハニチロ,消滅寸前!?「ラッスンゴレライ」8.6秒バズーカーを襲う“不眠不休で寝坊 ...,http://news.nicovideo.jp/watch/nw1701528,ニコニコニュース,2015-07-20
マルハニチロ,低糖・低カロリーが主流 使い切りの個包装あんでオペレーション簡便化,https://news.nissyoku.co.jp/news/special/detail/?id=MITSUI20150810032943655&ic=060,食の情報源,2015-08-20
マルハニチロ,日経平均寄与度ランキング（大引け）～日経平均は大幅に3日続落、構成 ...,http://kabutan.jp/news/marketnews/?b=n201506090259,株探ニュース,2015-06-09
マルハニチロ,銘柄検索欄を自由な発想で使いこなす,http://www.zakzak.co.jp/economy/investment/news/20150320/inv1503200830002-n1.htm,ZAKZAK,2015-03-19
マルハニチロ,Ａｍａｚｏｎ、会員向け動画コンテンツ「プライム・ビデオ」開始,http://japan.cnet.com/news/service/35069469/,通販通信,2015-08-26
マルハニチロ,Ａｍａｚｏｎ、会員向け動画コンテンツ「プライム・ビデオ」開始,http://www.tsuhannews.jp/%EF%BD%81%EF%BD%8D%EF%BD%81%EF%BD%9A%EF%BD%8F%EF%BD%8E%E3%80%81%E4%BC%9A%E5%93%A1%E5%90%91%E3%81%91%E5%8B%95%E7%94%BB%E3%82%B3%E3%83%B3%E3%83%86%E3%83%B3%E3%83%84%E3%80%8C%E3%83%97%E3%83%A9%E3%82%A4/,通販通信,2015-08-26
マルハニチロ,ＪＡＲＯなど３団体、「健康食品に関する景表法セミナー」開催,http://www.tsuhannews.jp/%EF%BD%8A%EF%BD%81%EF%BD%92%EF%BD%8F%E3%81%AA%E3%81%A9%EF%BC%93%E5%9B%A3%E4%BD%93%E3%80%81%E3%80%8C%E5%81%A5%E5%BA%B7%E9%A3%9F%E5%93%81%E3%81%AB%E9%96%A2%E3%81%99%E3%82%8B%E6%99%AF%E8%A1%A8%E6%B3%95/,通販通信,2015-09-13
マルハニチロ,マクドナルド、情報拡散に苦慮 異物混入を陳謝,http://www.nikkei.com/article/DGXLASDZ07HW8_X00C15A1EA2000/,日本経済新聞,2015-01-07
マルハニチロ,マクドナルド、情報拡散に苦慮 異物混入を陳謝,http://www.sankei.com/affairs/news/150107/afr1501070037-n1.html,日本経済新聞,2015-01-07
マルハニチロ,マルハニチロHDと島根大、臨床試験でDHA・EPAの人体への影響を調査,http://trendy.nikkeibp.co.jp/article/news/20081027/1020394/,日経トレンディネット,2008-10-25
マルハニチロ,＜特集＞【今週の上場来高値銘柄】 大和ハウス、島津製作所など,http://kabutan.jp/news/marketnews/?b=n201505230032,株探ニュース,2015-05-22
マルハニチロ,旭食品、細野西蔵の酒類卸売事業を譲り受け,https://news.nissyoku.co.jp/news/detail/?id=TANAKAH20150901054433514&cc=01&ic=140,食の情報源,2015-09-03
マルハニチロ,日本冷凍食品協会、需要喚起狙い「冷凍食品の日」イベント,https://news.nissyoku.co.jp/news/detail/?id=HONMIYA20150918014700102&cc=07&ic=020,食の情報源,2015-09-29
マルハニチロ,アスクルが新物流センター「ＡＬＰ横浜」新設、物流効率化へ,http://www.tsuhannews.jp/%E3%82%A2%E3%82%B9%E3%82%AF%E3%83%AB%E3%81%8C%E6%96%B0%E7%89%A9%E6%B5%81%E3%82%BB%E3%83%B3%E3%82%BF%E3%83%BC%E3%80%8C%EF%BD%81%EF%BD%8C%EF%BD%90%E6%A8%AA%E6%B5%9C%E3%80%8D%E6%96%B0%E8%A8%AD%E3%80%81/,通販通信,2015-06-14
マルハニチロ,ユーカリ抽出物 トクホ2商品を許可/消費者庁,http://news.e-expo.net/gyousei/2015/07/post-106.html,健康美容EXPO,2015-07-15
マルハニチロ,健康食品企業の１８．４％、機能性表示食品は「届出済み」,http://www.tsuhannews.jp/%E5%81%A5%E5%BA%B7%E9%A3%9F%E5%93%81%E4%BC%81%E6%A5%AD%E3%81%AE%EF%BC%91%EF%BC%98%EF%BC%8E%EF%BC%94%EF%BC%85%E3%80%81%E6%A9%9F%E8%83%BD%E6%80%A7%E8%A1%A8%E7%A4%BA%E9%A3%9F%E5%93%81%E3%81%AF%E3%80%8C/,通販通信,2015-08-24
マルハニチロ,極洋、秋の新製品を発売 キーワード「時短・簡便化」「ヘルシー」「オトナ化」,https://news.nissyoku.co.jp/news/detail?id=MURAOKA20150729123158114&cc=01&ic=050,食の情報源,2015-07-30
マルハニチロ,ヒット商品連発のわがんせ、「売れる商品開発の秘訣」を語る（１）,http://www.tsuhannews.jp/%E3%83%92%E3%83%83%E3%83%88%E5%95%86%E5%93%81%E9%80%A3%E7%99%BA%E3%81%AE%E3%82%8F%E3%81%8C%E3%82%93%E3%81%9B%E3%80%81%E3%80%8C%E5%A3%B2%E3%82%8C%E3%82%8B%E5%95%86%E5%93%81%E9%96%8B%E7%99%BA%E3%81%AE/,通販通信,2015-09-07
マルハニチロ,にんべん、京都吉兆とコラボ 直販事業を強化,https://news.nissyoku.co.jp/news/detail?id=YOSHIOKAU20150727123034843&cc=01&ic=050,食の情報源,2015-07-30
マルハニチロ,ヒット商品連発のわがんせ、「売れる商品開発の秘訣」を語る（２）,http://www.tsuhannews.jp/%E3%83%92%E3%83%83%E3%83%88%E5%95%86%E5%93%81%E9%80%A3%E7%99%BA%E3%81%AE%E3%82%8F%E3%81%8C%E3%82%93%E3%81%9B%E3%80%81%E3%80%8C%E5%A3%B2%E3%82%8C%E3%82%8B%E5%95%86%E5%93%81%E9%96%8B%E7%99%BA%E3%81%AE-2/,通販通信,2015-09-07
マルハニチロ,複数成分で複数の機能性表示商品が初の受理…消費者庁届出情報,http://www.tsuhannews.jp/%E8%A4%87%E6%95%B0%E6%88%90%E5%88%86%E3%81%A7%E8%A4%87%E6%95%B0%E3%81%AE%E6%A9%9F%E8%83%BD%E6%80%A7%E8%A1%A8%E7%A4%BA%E5%95%86%E5%93%81%E3%81%8C%E5%88%9D%E3%81%AE%E5%8F%97%E7%90%86%E6%B6%88/,通販通信,2015-09-16
マルハニチロ,首都圏市販冷食連絡協議会、恒例キャンペーン応募急増,https://news.nissyoku.co.jp/news/detail/?id=HONMIYA20150918121222701&cc=07&ic=020,食の情報源,2015-09-29
マルハニチロ,ペイパル「中国越境ＥＣプログラム」にニッセンなど１５社が参画,http://www.tsuhannews.jp/%E3%83%9A%E3%82%A4%E3%83%91%E3%83%AB%E3%80%8C%E4%B8%AD%E5%9B%BD%E8%B6%8A%E5%A2%83%EF%BD%85%EF%BD%83%E3%83%97%E3%83%AD%E3%82%B0%E3%83%A9%E3%83%A0%E3%80%8D%E3%81%AB%E3%83%8B%E3%83%83%E3%82%BB%E3%83%B3/,通販通信,2015-09-30
マルハニチロ,東北農政局、コメ不正検査でライス・サポートに改善命令,https://news.nissyoku.co.jp/news/detail/?id=MISAWA20150910041524441&cc=01&ic=015,食の情報源,2015-09-12
マルハニチロ,味覚糖キャンディー・ＣＯＱ１０製品が初の受理…消費者庁届出情報,http://www.tsuhannews.jp/%E5%91%B3%E8%A6%9A%E7%B3%96%E3%82%AD%E3%83%A3%E3%83%B3%E3%83%87%E3%82%A3%E3%83%BC%E3%83%BB%EF%BD%83%EF%BD%8F%EF%BD%91%EF%BC%91%EF%BC%90%E8%A3%BD%E5%93%81%E3%81%8C%E5%88%9D%E3%81%AE%E5%8F%97%E7%90%86/,通販通信,2015-09-11
マルハニチロ,サラミ１万４千本を回収、プラスチック破片混入で,http://www.sankei.com/west/news/150304/wst1503040058-n1.html,産経ニュース,2015-03-04
マルハニチロ,大和物流とＧＦ、アパレル物流特化の合弁会社設立,http://www.tsuhannews.jp/%E5%A4%A7%E5%92%8C%E7%89%A9%E6%B5%81%E3%81%A8%EF%BD%87%EF%BD%86%E3%80%81%E3%82%A2%E3%83%91%E3%83%AC%E3%83%AB%E7%89%A9%E6%B5%81%E7%89%B9%E5%8C%96%E3%81%AE%E5%90%88%E5%BC%81%E4%BC%9A%E7%A4%BE%E8%A8%AD/,通販通信,2015-09-27
マルハニチロ,JAXA、日本初の月面着陸へ 2018年度にも無人機打上げ,http://www.nikkan.co.jp/news/nkx0720150421eaae.html,J-CASTニュース,2015-04-19
マルハニチロ,JAXA、日本初の月面着陸へ 2018年度にも無人機打上げ,http://www.j-cast.com/2015/04/20233440.html,J-CASTニュース,2015-04-19
マルハニチロ,リスク管理に弱点があった−ＪＲ東日本、相次ぐ事故・トラブルに進む再発 ...,http://www.nikkan.co.jp/news/nkx1120150605cebf.html,日刊工業新聞,2015-06-04
マルハニチロ,【マグロ養殖】国内クロマグロ養殖、資源保護型の割合57％で過去最高に,http://kabutan.jp/news/marketnews/?b=n201504160192,株探ニュース,2015-04-15
マルハニチロ,日本水産 【1332】、未定だった今期配当は3期ぶり3円で復配,http://kabutan.jp/news/?b=k201503190007,株探ニュース,2015-03-18
マルハニチロ,「ＬＯＨＡＣＯ」に新アプリ、動く画像で右脳ショッピング,http://www.tsuhannews.jp/%E3%80%8C%EF%BD%8C%EF%BD%8F%EF%BD%88%EF%BD%81%EF%BD%83%EF%BD%8F%E3%80%8D%E3%81%AB%E6%96%B0%E3%82%A2%E3%83%97%E3%83%AA%E3%80%81%E5%8B%95%E3%81%8F%E7%94%BB%E5%83%8F%E3%81%A7%E5%8F%B3%E8%84%B3%E3%82%B7/,通販通信,2015-08-30
マルハニチロ,オプトＨＤが中国越境ＥＣ参入、「京東全球購」公式パートナーに,http://www.tsuhannews.jp/%E3%82%AA%E3%83%97%E3%83%88%EF%BD%88%EF%BD%84%E3%81%8C%E4%B8%AD%E5%9B%BD%E8%B6%8A%E5%A2%83%EF%BD%85%EF%BD%83%E5%8F%82%E5%85%A5%E3%80%81%E3%80%8C%E4%BA%AC%E6%9D%B1%E5%85%A8%E7%90%83%E8%B3%BC%E3%80%8D/,通販通信,2015-09-08
マルハニチロ,ＧＡＢＡで初の受理、キューピーは２品目…消費者庁届出情報,http://www.tsuhannews.jp/%EF%BD%87%EF%BD%81%EF%BD%82%EF%BD%81%E3%81%A7%E5%88%9D%E3%81%AE%E5%8F%97%E7%90%86%E3%80%81%E3%82%AD%E3%83%A5%E3%83%BC%E3%83%94%E3%83%BC%E3%81%AF%EF%BC%92%E5%93%81%E7%9B%AE%E6%B6%88%E8%B2%BB/,通販通信,2015-08-20
マルハニチロ,ＳＥＩＹＵドットコム、「ａｕ ショッピングモール」に出店,http://news.mynavi.jp/news/2015/04/17/240/,通販通信,2015-04-16
マルハニチロ,ＳＥＩＹＵドットコム、「ａｕ ショッピングモール」に出店,http://www.tsuhannews.jp/%EF%BD%93%EF%BD%85%EF%BD%89%EF%BD%99%EF%BD%95%E3%83%89%E3%83%83%E3%83%88%E3%82%B3%E3%83%A0%E3%80%81%E3%80%8C%EF%BD%81%EF%BD%95-%E3%82%B7%E3%83%A7%E3%83%83%E3%83%94%E3%83%B3%E3%82%B0%E3%83%A2%E3%83%BC/,通販通信,2015-04-16
マルハニチロ,千趣会、大丸神戸店などで期間限定ショップをオープン,http://www.tsuhannews.jp/%E5%8D%83%E8%B6%A3%E4%BC%9A%E3%80%81%E5%A4%A7%E4%B8%B8%E7%A5%9E%E6%88%B8%E5%BA%97%E3%81%AA%E3%81%A9%E3%81%A7%E6%9C%9F%E9%96%93%E9%99%90%E5%AE%9A%E3%82%B7%E3%83%A7%E3%83%83%E3%83%97%E3%82%92%E3%82%AA/,通販通信,2015-09-23
マルハニチロ,方言のイントネーションも出せる新技術 ＮＴＴが音声合成で開発,http://aplista.iza.ne.jp/f-iphone/226450,産経ニュース,2015-06-01
マルハニチロ,方言のイントネーションも出せる新技術 ＮＴＴが音声合成で開発,http://www.sankei.com/economy/news/150601/ecn1506010030-n1.html,産経ニュース,2015-06-01
マルハニチロ,初期費用・固定費無料のＥＣシステム「ＹＥＳ！」販売…ヤマトＨＤ,http://www.tsuhannews.jp/%E5%88%9D%E6%9C%9F%E8%B2%BB%E7%94%A8%E3%83%BB%E5%9B%BA%E5%AE%9A%E8%B2%BB%E7%84%A1%E6%96%99%E3%81%AE%EF%BD%85%EF%BD%83%E3%82%B7%E3%82%B9%E3%83%86%E3%83%A0%E3%80%8C%EF%BD%99%EF%BD%85%EF%BD%93%EF%BC%81/,通販通信,2015-06-01
マルハニチロ,グリコ／プリッツシリーズから世界で人気の4つの味,http://makernews.biz/201507075318-4/,メーカーニュース,2015-07-07
マルハニチロ,女性80.7%が「男性の箸の持ち方などを気にする」と回答,http://news.mynavi.jp/news/2015/03/02/012/,マイナビニュース,2015-03-01
マルハニチロ,タカラトミーとドコモ、クラウド型対話ロボット「ＯＨａＮＡＳ」開発−１０月投入,http://www.nikkan.co.jp/news/nkx1120150605caai.html,日刊工業新聞,2015-06-04
マルハニチロ,Ａｍａｚｏｎ「プライム・ビデオ」のサービス開始,http://www.tsuhannews.jp/%EF%BD%81%EF%BD%8D%EF%BD%81%EF%BD%9A%EF%BD%8F%EF%BD%8E%E3%80%8C%E3%83%97%E3%83%A9%E3%82%A4%E3%83%A0%E3%83%BB%E3%83%93%E3%83%87%E3%82%AA%E3%80%8D%E3%81%AE%E3%82%B5%E3%83%BC%E3%83%93%E3%82%B9%E9%96%8B/,通販通信,2015-09-24
マルハニチロ,日粉グループの通販サイト「ＮＩＰＰＮ ＮＥＴ ＭＡＬＬ」オープン,http://www.tsuhannews.jp/%E6%97%A5%E7%B2%89%E3%82%B0%E3%83%AB%E3%83%BC%E3%83%97%E3%81%AE%E9%80%9A%E8%B2%A9%E3%82%B5%E3%82%A4%E3%83%88%E3%80%8C%EF%BD%8E%EF%BD%89%EF%BD%90%EF%BD%90%EF%BD%8E-%EF%BD%8E%EF%BD%85%EF%BD%94-%EF%BD%8D/,通販通信,2015-09-16
マルハニチロ,Ｙａｈｏｏ！ショッピング、８月新人賞は激安通販「ＹａＹａＹｏ」,http://www.tsuhannews.jp/%EF%BD%99%EF%BD%81%EF%BD%88%EF%BD%8F%EF%BD%8F%EF%BC%81%E3%82%B7%E3%83%A7%E3%83%83%E3%83%94%E3%83%B3%E3%82%B0%E3%80%81%EF%BC%98%E6%9C%88%E6%96%B0%E4%BA%BA%E8%B3%9E%E3%81%AF%E6%BF%80%E5%AE%89%E9%80%9A/,通販通信,2015-09-28
マルハニチロ,8月CVS売上高、猛暑により夏物商材が好調,https://news.nissyoku.co.jp/news/detail/?id=ITAKURA20150925103855467&cc=11&ic=150,食の情報源,2015-09-29
マルハニチロ,エバラ食品工業、「FSSC22000統合認証」適用範囲を拡大 全社横断的 ...,https://news.nissyoku.co.jp/news/detail/?id=KIMURA20150910124541920&cc=01&ic=040,食の情報源,2015-09-13
マルハニチロ,【食費を浮かすなら、缶詰でしょ！】給料日前に食べたいオススメ缶詰10選,http://top.tsite.jp/news/lifetrend/o/24338697/index,T-SITEニュース,2015-06-24
マルハニチロ,キリンビバレッジバリューベンダー、順調にスタート 自販機の魅力高める,https://news.nissyoku.co.jp/news/detail/?id=KUBO20150806051110904&cc=01&ic=120,食の情報源,2015-08-13
マルハニチロ,絶やすな栃木県産干瓢 産地おこしで生産の基盤固め,https://news.nissyoku.co.jp/news/special/detail?id=MITSUI20150819022901839&ic=100,食の情報源,2015-09-10
マルハニチロ,日清オイリオグループ、オリーブオイルヌーボー予約開始,https://news.nissyoku.co.jp/news/detail/?id=MURAOKA20150916083849353&cc=01&ic=090,食の情報源,2015-09-27
マルハニチロ,後払い決済はスマホに最適？ネットプロテクションズが急成長する理由②,http://www.tsuhannews.jp/%E5%BE%8C%E6%89%95%E3%81%84%E6%B1%BA%E6%B8%88%E3%81%AF%E3%82%B9%E3%83%9E%E3%83%9B%E3%81%AB%E6%9C%80%E9%81%A9%EF%BC%9F%E3%83%8D%E3%83%83%E3%83%88%E3%83%97%E3%83%AD%E3%83%86%E3%82%AF%E3%82%B7%E3%83%A7-2/,通販通信,2015-04-13
マルハニチロ,ダイドードリンコ、マレーシア食品大手に資本参加,http://response.jp/article/2015/09/01/259071.html,食の情報源,2015-09-01
マルハニチロ,ダイドードリンコ、マレーシア食品大手に資本参加,https://news.nissyoku.co.jp/news/detail/?id=TANAKAH20150831042647616&cc=01&ic=120,食の情報源,2015-09-01
マルハニチロ,「機能性」表示、市場に効くか 食品新制度スタート,http://www.nikkei.com/article/DGXZZO85140200R00C15A4000000/,日本経済新聞,2015-04-01
マルハニチロ,「機能性」表示、市場に効くか 食品新制度スタート,http://www.nikkei.com/article/DGXLZO85173220S5A400C1TI0000/,日本経済新聞,2015-04-01
マルハニチロ,いつも、購入意欲が高い来訪客の追客ツールを提供開始,http://www.tsuhannews.jp/%E3%81%84%E3%81%A4%E3%82%82%E3%80%81%E8%B3%BC%E5%85%A5%E6%84%8F%E6%AC%B2%E3%81%8C%E9%AB%98%E3%81%84%E6%9D%A5%E8%A8%AA%E5%AE%A2%E3%81%AE%E8%BF%BD%E5%AE%A2%E3%83%84%E3%83%BC%E3%83%AB%E3%82%92%E6%8F%90/,通販通信,2015-09-28
マルハニチロ,ＭｏｎｏｔａＲＯ、間接資材調達の「法人専用サービスサイト」開設,http://www.tsuhannews.jp/%EF%BD%8D%EF%BD%8F%EF%BD%8E%EF%BD%8F%EF%BD%94%EF%BD%81%EF%BD%92%EF%BD%8F%E3%80%81%E9%96%93%E6%8E%A5%E8%B3%87%E6%9D%90%E8%AA%BF%E9%81%94%E3%81%AE%E3%80%8C%E6%B3%95%E4%BA%BA%E5%B0%82%E7%94%A8%E3%82%B5/,通販通信,2015-08-27
マルハニチロ,フライスター、独自製法「サクサクパン粉」発売 冷めてもサクサク食感,https://news.nissyoku.co.jp/news/detail/?id=MITSUI20150821095651344&cc=01&ic=110,食の情報源,2015-09-27
マルハニチロ,寝る前に…】3月3日のコレだけ見とけ！5分で分かる話題のネットニュース,http://www.appps.jp/153568/,かみあぷ速報,2015-03-03
マルハニチロ,日経平均の下値は1万4000円？,http://toyokeizai.net/articles/-/29974,東洋経済オンライン,2014-02-06
マルハニチロ,揺らめく炎、国宝厳か 臼杵石仏火まつり,https://www.oita-press.co.jp/1010000000/2015/08/30/001014003,大分合同新聞,2015-08-29
マルハニチロ,エーザイ、米ノースカロライナの工場をバイオジェンに売却,http://www.nikkan.co.jp/news/nkx1020150721ccad.html,日刊工業新聞,2015-07-20
マルハニチロ,ＬＯＨＡＣＯ新テレビＣＭ「ロハコな暮らし」を放送開始,http://www.tsuhannews.jp/%EF%BD%8C%EF%BD%8F%EF%BD%88%EF%BD%81%EF%BD%83%EF%BD%8F%E6%96%B0%E3%83%86%E3%83%AC%E3%83%93%EF%BD%83%EF%BD%8D%E3%80%8C%E3%83%AD%E3%83%8F%E3%82%B3%E3%81%AA%E6%9A%AE%E3%82%89%E3%81%97%E3%80%8D%E3%82%92/,通販通信,2015-09-28
マルハニチロ,「後期 通販エキスパート検定試験」が１２月６日に開催,http://www.tsuhannews.jp/%E3%80%8C%E5%BE%8C%E6%9C%9F-%E9%80%9A%E8%B2%A9%E3%82%A8%E3%82%AD%E3%82%B9%E3%83%91%E3%83%BC%E3%83%88%E6%A4%9C%E5%AE%9A%E8%A9%A6%E9%A8%93%E3%80%8D%E3%81%8C%EF%BC%91%EF%BC%92%E6%9C%88%EF%BC%96%E6%97%A5/,通販通信,2015-09-30
マルハニチロ,忙しいなかでも旅気分を 冷凍食品「わたしの旅ごはん バターチキンカレー ...,http://www.j-cast.com/trend/2015/02/28229088.html,J-CASTニュース,2015-02-27
マルハニチロ,アスクルが過去最高益達成、純利益９１５％増…第１四半期決算,http://www.tsuhannews.jp/%E3%82%A2%E3%82%B9%E3%82%AF%E3%83%AB%E3%81%8C%E9%81%8E%E5%8E%BB%E6%9C%80%E9%AB%98%E7%9B%8A%E9%81%94%E6%88%90%E3%80%81%E7%B4%94%E5%88%A9%E7%9B%8A%EF%BC%99%EF%BC%91%EF%BC%95%EF%BC%85%E5%A2%97/,通販通信,2015-09-14
マルハニチロ,メルカリ、購入者・出品者の「匿名配送」を試験運用,http://www.tsuhannews.jp/%E3%83%A1%E3%83%AB%E3%82%AB%E3%83%AA%E3%80%81%E8%B3%BC%E5%85%A5%E8%80%85%E3%83%BB%E5%87%BA%E5%93%81%E8%80%85%E3%81%AE%E3%80%8C%E5%8C%BF%E5%90%8D%E9%85%8D%E9%80%81%E3%80%8D%E3%82%92%E8%A9%A6%E9%A8%93/,通販通信,2015-09-10
マルハニチロ,大物、秋季展示会開催 厳選商品を紹介,https://news.nissyoku.co.jp/news/detail/?id=TANAKAH20150917041539608&cc=05&ic=140,食の情報源,2015-09-27
マルハニチロ,湖池屋、高品質ポテトチップス「じゃがいも心地」発売,https://news.nissyoku.co.jp/news/detail/?id=AOYAGI20150901081240919&cc=01&ic=060,食の情報源,2015-09-07
マルハニチロ,ＤｅＮＡショッピングなど、ＷＥＢ接客ツール「ＫＡＲＴＥ」導入,http://www.tsuhannews.jp/%EF%BD%84%EF%BD%85%EF%BD%8E%EF%BD%81%E3%82%B7%E3%83%A7%E3%83%83%E3%83%94%E3%83%B3%E3%82%B0%E3%81%AA%E3%81%A9%E3%80%81%EF%BD%97%EF%BD%85%EF%BD%82%E6%8E%A5%E5%AE%A2%E3%83%84%E3%83%BC%E3%83%AB%E3%80%8C/,通販通信,2015-08-19
マルハニチロ,Ａｍａｚｏｎ、ハロウィンの仮装体験カフェをオープン,http://www.tsuhannews.jp/%EF%BD%81%EF%BD%8D%EF%BD%81%EF%BD%9A%EF%BD%8F%EF%BD%8E%E3%80%81%E3%83%8F%E3%83%AD%E3%82%A6%E3%82%A3%E3%83%B3%E3%81%AE%E4%BB%AE%E8%A3%85%E4%BD%93%E9%A8%93%E3%82%AB%E3%83%95%E3%82%A7%E3%82%92%E3%82%AA/,通販通信,2015-09-25
マルハニチロ,Ｙａｈｏｏ！ショッピングに「鉄道の日特集」がオープン,http://www.tsuhannews.jp/%EF%BD%99%EF%BD%81%EF%BD%88%EF%BD%8F%EF%BD%8F%EF%BC%81%E3%82%B7%E3%83%A7%E3%83%83%E3%83%94%E3%83%B3%E3%82%B0%E3%81%AB%E3%80%8C%E9%89%84%E9%81%93%E3%81%AE%E6%97%A5%E7%89%B9%E9%9B%86%E3%80%8D%E3%81%8C/,通販通信,2015-09-23
マルハニチロ,サステナブル・シーフード・ウィーク：持続可能な漁業へ「 ビジネス ...,http://mainichi.jp/bizbuz/news/20150612dog00m020001000c.html,毎日新聞,2015-06-11
マルハニチロ,ベイシア電器、「エアコンドットコム」をオープン,http://www.tsuhannews.jp/%E3%83%99%E3%82%A4%E3%82%B7%E3%82%A2%E9%9B%BB%E5%99%A8%E3%80%81%E3%80%8C%E3%82%A8%E3%82%A2%E3%82%B3%E3%83%B3%E3%83%89%E3%83%83%E3%83%88%E3%82%B3%E3%83%A0%E3%80%8D%E3%82%92%E3%82%AA%E3%83%BC%E3%83%97/,通販通信,2015-07-16
マルハニチロ,キユーピー、アヲハタ十勝コーン缶詰値上げ,http://makernews.biz/201509165686-2/,食の情報源,2015-09-17
マルハニチロ,キユーピー、アヲハタ十勝コーン缶詰値上げ,https://news.nissyoku.co.jp/news/detail/?id=INOUE20150916043750490&cc=01&ic=080,食の情報源,2015-09-17
マルハニチロ,Ｆａｂｌｉｃ、フリル・ネコポス連携の新配送サービス開始へ,http://www.tsuhannews.jp/%EF%BD%86%EF%BD%81%EF%BD%82%EF%BD%8C%EF%BD%89%EF%BD%83%E3%80%81%E3%83%95%E3%83%AA%E3%83%AB%E3%83%BB%E3%83%8D%E3%82%B3%E3%83%9D%E3%82%B9%E9%80%A3%E6%90%BA%E3%81%AE%E6%96%B0%E9%85%8D%E9%80%81%E3%82%B5/,通販通信,2015-08-17
マルハニチロ,今週の決算発表予定 任天堂、トヨタ、三菱商など（5月7日～5月8日）,http://kabutan.jp/news/marketnews/?b=n201505030021,株探ニュース,2015-05-02
マルハニチロ,バター安定供給へ 増産などで不足感解消,http://www.hazardlab.jp/know/topics/detail/1/1/11031.html,食の情報源,2015-09-29
マルハニチロ,バター安定供給へ 増産などで不足感解消,https://news.nissyoku.co.jp/news/detail?id=YAMAMOTO20150928031239891&cc=01&ic=090,食の情報源,2015-09-29
マルハニチロ,１成分でトリプル機能を表示…消費者庁届出情報,http://www.tsuhannews.jp/%EF%BC%91%E6%88%90%E5%88%86%E3%81%A7%E3%83%88%E3%83%AA%E3%83%97%E3%83%AB%E6%A9%9F%E8%83%BD%E3%82%92%E8%A1%A8%E7%A4%BA%E6%B6%88%E8%B2%BB%E8%80%85%E5%BA%81%E5%B1%8A%E5%87%BA%E6%83%85%E5%A0%B1/,通販通信,2015-09-24
マルハニチロ,楽天、海外航空券販売会社「ＷＴＳ」を子会社化,http://www.tsuhannews.jp/%E6%A5%BD%E5%A4%A9%E3%80%81%E6%B5%B7%E5%A4%96%E8%88%AA%E7%A9%BA%E5%88%B8%E8%B2%A9%E5%A3%B2%E4%BC%9A%E7%A4%BE%E3%80%8C%EF%BD%97%EF%BD%94%EF%BD%93%E3%80%8D%E3%82%92%E5%AD%90%E4%BC%9A%E7%A4%BE%E5%8C%96/,通販通信,2015-09-16
マルハニチロ,カレンダーで振り返る群馬の２０１４年（１）,http://www.sankei.com/region/news/141227/rgn1412270052-n1.html,産経ニュース,2014-12-26
マルハニチロ,オムニチャネル接客向上へ、ＰＡＲＣＯがショップ応援サイト開設,http://www.tsuhannews.jp/%E3%82%AA%E3%83%A0%E3%83%8B%E3%83%81%E3%83%A3%E3%83%8D%E3%83%AB%E6%8E%A5%E5%AE%A2%E5%90%91%E4%B8%8A%E3%81%B8%E3%80%81%EF%BD%90%EF%BD%81%EF%BD%92%EF%BD%83%EF%BD%8F%E3%81%8C%E3%82%B7%E3%83%A7%E3%83%83/,通販通信,2015-09-02
マルハニチロ,２０１４年通販市場売上高、４．９％増の６兆１５００億円,http://www.tsuhannews.jp/%EF%BC%92%EF%BC%90%EF%BC%91%EF%BC%94%E5%B9%B4%E9%80%9A%E8%B2%A9%E5%B8%82%E5%A0%B4%E5%A3%B2%E4%B8%8A%E9%AB%98%E3%80%81%EF%BC%94%EF%BC%8E%EF%BC%99%EF%BC%85%E5%A2%97%E3%81%AE%EF%BC%96%E5%85%86%EF%BC%91/,通販通信,2015-08-25
マルハニチロ,日経平均銘柄を一部入れ替え 本社、４月２日から,http://www.nikkei.com/article/DGXNASGD1101G_R10C14A3000000/,日本経済新聞,2014-03-11
マルハニチロ,ＮＴＴデータ、マレーシアのＥＣ決済代行会社を子会社化,http://www.asiax.biz/news/16167/,通販通信,2015-09-07
マルハニチロ,ＮＴＴデータ、マレーシアのＥＣ決済代行会社を子会社化,http://www.tsuhannews.jp/%EF%BD%8E%EF%BD%94%EF%BD%94%E3%83%87%E3%83%BC%E3%82%BF%E3%80%81%E3%83%9E%E3%83%AC%E3%83%BC%E3%82%B7%E3%82%A2%E3%81%AE%EF%BD%85%EF%BD%83%E6%B1%BA%E6%B8%88%E4%BB%A3%E8%A1%8C%E4%BC%9A%E7%A4%BE%E3%82%92/,通販通信,2015-09-07
マルハニチロ,短時間・低コストで始められるアレルギー物質検査方法,https://www.foods-ch.com/anzen/1425547515004/,フーズチャネル,2015-03-06
マルハニチロ,国分、茨城に3温度帯センター開設 北関東の物流拠点に,https://news.nissyoku.co.jp/news/detail/?id=YAMAMOTOH20150826115822664&cc=03&ic=140,食の情報源,2015-08-27
マルハニチロ,MCフードスペシャリティーズ、「いの一番」8～10％値上げ 11月から,https://news.nissyoku.co.jp/news/detail?id=EBATA20150924054110931&cc=01&ic=040,食の情報源,2015-09-27
マルハニチロ,大塚食品、ケルセチン高含有の玉ねぎ飲料発売…機能性表示へ,http://www.tsuhannews.jp/%E5%A4%A7%E5%A1%9A%E9%A3%9F%E5%93%81%E3%80%81%E3%82%B1%E3%83%AB%E3%82%BB%E3%83%81%E3%83%B3%E9%AB%98%E5%90%AB%E6%9C%89%E3%81%AE%E7%8E%89%E3%81%AD%E3%81%8E%E9%A3%B2%E6%96%99%E7%99%BA%E5%A3%B2/,通販通信,2015-04-29
マルハニチロ,東洋ゴム会長ら 引責辞任を発表,http://www.nikkei.com/article/DGXZZO88412840T20C15A6000000/,BIGLOBEニュース,2015-06-23
マルハニチロ,東洋ゴム会長ら 引責辞任を発表,http://news.biglobe.ne.jp/topics/economy/0623/29046.html,BIGLOBEニュース,2015-06-23
マルハニチロ,回転寿司 －回転を見切ったらロス率が下がって利益増,http://president.jp/articles/-/13639,PRESIDENT Online,2014-12-20
マルハニチロ,日本政策金融公庫、神戸・姫路で「海外展開セミナー」開催,https://news.nissyoku.co.jp/news/detail/?id=TANAKAH20150819014747490&cc=06&ic=015,食の情報源,2015-08-25
マルハニチロ,ＤＨＣ・龍泉堂が初の受理…消費者庁届出情報,http://news.e-expo.net/news/2015/09/post-104.html,通販通信,2015-09-30
マルハニチロ,ＤＨＣ・龍泉堂が初の受理…消費者庁届出情報,http://www.tsuhannews.jp/%EF%BD%84%EF%BD%88%EF%BD%83%E3%83%BB%E9%BE%8D%E6%B3%89%E5%A0%82%E3%81%8C%E5%88%9D%E3%81%AE%E5%8F%97%E7%90%86%E6%B6%88%E8%B2%BB%E8%80%85%E5%BA%81%E5%B1%8A%E5%87%BA%E6%83%85%E5%A0%B1/,通販通信,2015-09-30
マルハニチロ,ポンパレモールが越境ＥＣサービス、ｍｅｇａＪに商品情報提供,http://shopping-tribe.com/news/21661/,通販通信,2015-09-01
マルハニチロ,ポンパレモールが越境ＥＣサービス、ｍｅｇａＪに商品情報提供,http://www.tsuhannews.jp/%E3%83%9D%E3%83%B3%E3%83%91%E3%83%AC%E3%83%A2%E3%83%BC%E3%83%AB%E3%81%8C%E8%B6%8A%E5%A2%83%EF%BD%85%EF%BD%83%E3%82%B5%E3%83%BC%E3%83%93%E3%82%B9%E3%80%81%EF%BD%8D%EF%BD%85%EF%BD%87%EF%BD%81%EF%BD%8A/,通販通信,2015-09-01
マルハニチロ,＠ｃｏｓｍｅアワード大賞に資生堂の『ドラマティックルージュ』,http://www.tsuhannews.jp/%EF%BC%A0%EF%BD%83%EF%BD%8F%EF%BD%93%EF%BD%8D%EF%BD%85%E3%82%A2%E3%83%AF%E3%83%BC%E3%83%89%E5%A4%A7%E8%B3%9E%E3%81%AB%E8%B3%87%E7%94%9F%E5%A0%82%E3%81%AE%E3%80%8E%E3%83%89%E3%83%A9%E3%83%9E%E3%83%86/,通販通信,2015-06-18
マルハニチロ,消費者庁、８７事業者・モール運営者に表示の改善を要請,http://mainichi.jp/shimen/news/20150909ddm013100003000c.html,通販通信,2015-09-07
マルハニチロ,消費者庁、８７事業者・モール運営者に表示の改善を要請,http://www.tsuhannews.jp/%E6%B6%88%E8%B2%BB%E8%80%85%E5%BA%81%E3%80%81%EF%BC%98%EF%BC%97%E4%BA%8B%E6%A5%AD%E8%80%85%E3%83%BB%E3%83%A2%E3%83%BC%E3%83%AB%E9%81%8B%E5%96%B6%E8%80%85%E3%81%AB%E8%A1%A8%E7%A4%BA%E3%81%AE%E6%94%B9/,通販通信,2015-09-07
マルハニチロ,主婦の友ダイレクト、「ベルネージュダイレクト」に社名変更,http://www.tsuhannews.jp/%E4%B8%BB%E5%A9%A6%E3%81%AE%E5%8F%8B%E3%83%80%E3%82%A4%E3%83%AC%E3%82%AF%E3%83%88%E3%80%81%E3%80%8C%E3%83%99%E3%83%AB%E3%83%8D%E3%83%BC%E3%82%B8%E3%83%A5%E3%83%80%E3%82%A4%E3%83%AC%E3%82%AF%E3%83%88/,通販通信,2015-06-17
マルハニチロ,【注目テーマ】ケンコーマヨネーズ、インドネシアからハラル認証の冷凍 ...,http://kabutan.jp/news/marketnews/?b=n201505260122,株探ニュース,2015-05-25
マルハニチロ,ペヤング「虫混入」対応でまるか食品に賛否 全工場生産自粛・全商品 ...,http://diamond.jp/articles/-/63746,ダイヤモンド・オンライン,2014-12-16
マルハニチロ,日本の食卓から魚が消える（ｉＲＯＮＮＡ),http://www.sankei.com/etc/news/141218/etc1412180001-n1.html,産経ニュース,2014-12-18
マルハニチロ,回転寿司でなかなか手が出ない、躊躇する皿の価格帯は405円,http://news.livedoor.com/article/detail/9959393/,livedoor,2015-04-01
マルハニチロ,回転寿司でなかなか手が出ない、躊躇する皿の価格帯は405円,http://ovo.kyodo.co.jp/ch/mame/a-575471,livedoor,2015-04-01
マルハニチロ,鈴与／仙台物流センターが竣工,http://www.e-logit.com/loginews/2015:081718.php,物流ニュースリリース (プレスリリース),2015-08-17
マルハニチロ,12月20日発売のザイ2月号から無料公開！買いの人気株主優待株は ...,http://diamond.jp/articles/-/64108,ダイヤモンド・オンライン,2014-12-21
マルハニチロ,12月20日発売のザイ2月号から無料公開！買いの人気株主優待株は ...,http://diamond.jp/articles/-/64106,ダイヤモンド・オンライン,2014-12-21
マルハニチロ,関東食品、カンボジアに小学校寄贈 現地で盛大に「関東食品ミスイ校 ...,https://news.nissyoku.co.jp/news/detail/?id=KIMURA20150810031043311&cc=01&ic=140,食の情報源,2015-08-13
マルハニチロ,楽天、丸紅と電力小売事業で業務提携,http://venturetimes.jp/ma-business-partnership/6351.html,通販通信,2015-08-31
マルハニチロ,楽天、丸紅と電力小売事業で業務提携,http://www.tsuhannews.jp/%E6%A5%BD%E5%A4%A9%E3%80%81%E4%B8%B8%E7%B4%85%E3%81%A8%E9%9B%BB%E5%8A%9B%E5%B0%8F%E5%A3%B2%E4%BA%8B%E6%A5%AD%E3%81%A7%E6%A5%AD%E5%8B%99%E6%8F%90%E6%90%BA/,通販通信,2015-08-31
マルハニチロ,義津屋、改装を機に「グランシア」に店名変更,https://news.nissyoku.co.jp/news/detail/?id=UMINO20150924034207414&cc=01&ic=150,食の情報源,2015-09-29
マルハニチロ,消費者庁、「機能性表示食品」届出情報を公表…第１号はライオン,http://www.tsuhannews.jp/%E6%B6%88%E8%B2%BB%E8%80%85%E5%BA%81%E3%80%81%E3%80%8C%E6%A9%9F%E8%83%BD%E6%80%A7%E8%A1%A8%E7%A4%BA%E9%A3%9F%E5%93%81%E3%80%8D%E5%B1%8A%E5%87%BA%E6%83%85%E5%A0%B1%E3%82%92%E5%85%AC%E8%A1%A8/,通販通信,2015-04-16
マルハニチロ,特定保健用食品の表示許可に係る答申について/内閣府,http://news.e-expo.net/gyousei/2015/06/post-116.html,健康美容EXPO,2015-06-26
マルハニチロ,豊田通商、ロボ向け３次元センサー手掛ける立命館大ＶＢの三次元 ...,http://techon.nikkeibp.co.jp/article/NEWS/20150605/421862/,日刊工業新聞,2015-06-04
マルハニチロ,豊田通商、ロボ向け３次元センサー手掛ける立命館大ＶＢの三次元 ...,http://www.nikkan.co.jp/news/nkx1120150605agbc.html,日刊工業新聞,2015-06-04
マルハニチロ,昭和冷凍食品・山科裕道社長 安全・安心一層強化 新ライン導入で拡販へ,https://news.nissyoku.co.jp/news/detail/?id=HONMIYA20150827030715425&cc=01&ic=020,食の情報源,2015-08-30
マルハニチロ,家庭用ごま油、安定ジャンルから一皮むける 生食・健康が追い風に,https://news.nissyoku.co.jp/news/detail?id=MURAOKA20150826073136420&cc=01&ic=090,食の情報源,2015-09-01
マルハニチロ,突然オフィスに当局の立入検査が！会社を致命的な窮地に追い込む ...,http://diamond.jp/articles/-/62844,ダイヤモンド・オンライン,2014-11-27
マルハニチロ,ＧＭＯ－ＰＧ、台湾決済代行「Ｎｅｗｅｂ」に１億円出資,http://www.tsuhannews.jp/%EF%BD%87%EF%BD%8D%EF%BD%8F%EF%BC%8D%EF%BD%90%EF%BD%87%E3%80%81%E5%8F%B0%E6%B9%BE%E6%B1%BA%E6%B8%88%E4%BB%A3%E8%A1%8C%E3%80%8C%EF%BD%8E%EF%BD%85%EF%BD%97%EF%BD%85%EF%BD%82%E3%80%8D%E3%81%AB%EF%BC%91/,通販通信,2015-08-19
マルハニチロ,ニッカネ、新福島支店開設記念展示会に1000人が来場 病院・老健 ...,https://news.nissyoku.co.jp/news/detail/?id=KIMURA20150918030152856&cc=05&ic=140,食の情報源,2015-09-29
マルハニチロ,ようこそ魅力堪能して 各地の観光をＰＲ,https://www.oita-press.co.jp/1010000000/2015/07/04/132418833,大分合同新聞,2015-07-03
マルハニチロ,ＧＥＮＥＰＡ、中国越境ＥＣでディノス・セシールと提携,http://www.tsuhannews.jp/%EF%BD%87%EF%BD%85%EF%BD%8E%EF%BD%85%EF%BD%90%EF%BD%81%E3%80%81%E4%B8%AD%E5%9B%BD%E8%B6%8A%E5%A2%83%EF%BD%85%EF%BD%83%E3%81%A7%E3%83%87%E3%82%A3%E3%83%8E%E3%82%B9%E3%83%BB%E3%82%BB%E3%82%B7%E3%83%BC/,通販通信,2015-08-07
マルハニチロ,女性向け月刊誌「Ｋｉｉｔｅ！」を全国の郵便局で販売,http://www.tsuhannews.jp/%E5%A5%B3%E6%80%A7%E5%90%91%E3%81%91%E6%9C%88%E5%88%8A%E8%AA%8C%E3%80%8C%EF%BD%8B%EF%BD%89%EF%BD%89%EF%BD%94%EF%BD%85%EF%BC%81%E3%80%8D%E3%82%92%E5%85%A8%E5%9B%BD%E3%81%AE%E9%83%B5%E4%BE%BF%E5%B1%80/,通販通信,2015-05-13
マルハニチロ,会員向けの新サービス「Ａｍａｚｏｎパントリー」を開始,http://www.tsuhannews.jp/%E4%BC%9A%E5%93%A1%E5%90%91%E3%81%91%E3%81%AE%E6%96%B0%E3%82%B5%E3%83%BC%E3%83%93%E3%82%B9%E3%80%8C%EF%BD%81%EF%BD%8D%EF%BD%81%EF%BD%9A%EF%BD%8F%EF%BD%8E%E3%83%91%E3%83%B3%E3%83%88%E3%83%AA%E3%83%BC/,通販通信,2015-09-15
マルハニチロ,ニューヨークで激化する「フードデリバリー戦争」…ＮＹ通信（６）,http://www.tsuhannews.jp/%E3%83%8B%E3%83%A5%E3%83%BC%E3%83%A8%E3%83%BC%E3%82%AF%E3%81%A7%E6%BF%80%E5%8C%96%E3%81%99%E3%82%8B%E3%80%8C%E3%83%95%E3%83%BC%E3%83%89%E3%83%87%E3%83%AA%E3%83%90%E3%83%AA%E3%83%BC%E6%88%A6%E4%BA%89/,通販通信,2015-07-22
マルハニチロ,紀伊國屋書店がネット書店対抗策、村上春樹氏の新刊９割を買占め,http://news.mynavi.jp/news/2015/08/24/095/,通販通信,2015-08-23
マルハニチロ,紀伊國屋書店がネット書店対抗策、村上春樹氏の新刊９割を買占め,http://www.tsuhannews.jp/%E7%B4%80%E4%BC%8A%E5%9B%BD%E5%B1%8B%E6%9B%B8%E5%BA%97%E3%81%8C%E3%83%8D%E3%83%83%E3%83%88%E6%9B%B8%E5%BA%97%E5%AF%BE%E6%8A%97%E7%AD%96%E3%80%81%E6%9D%91%E4%B8%8A%E6%98%A5%E6%A8%B9%E6%B0%8F%E3%81%AE/,通販通信,2015-08-23
マルハニチロ,東急電鉄、ベンチャー企業支援「アクセラレートプログラム」開始−来月から ...,http://www.nikkan.co.jp/news/nkx1120150605cebk.html,日刊工業新聞,2015-06-04
マルハニチロ,サントリービール、パンプキン使用の発泡酒を限定発売,https://news.nissyoku.co.jp/news/detail/?id=UMEMOTO20150827105847531&cc=01&ic=070,食の情報源,2015-08-30
マルハニチロ,あぐりの匠、スイーツおせち『Ｊｅｗｅｌ ＢＯＸ』を発売,http://www.tsuhannews.jp/%E3%81%82%E3%81%90%E3%82%8A%E3%81%AE%E5%8C%A0%E3%80%81%E3%82%B9%E3%82%A4%E3%83%BC%E3%83%84%E3%81%8A%E3%81%9B%E3%81%A1%E3%80%8E%EF%BD%8A%EF%BD%85%EF%BD%97%EF%BD%85%EF%BD%8C-%EF%BD%82%EF%BD%8F%EF%BD%98/,通販通信,2015-08-28
マルハニチロ,ダイドードリンコ、缶コーヒー秋冬商品発売 プレミアム感演出でシェア拡大 ...,https://news.nissyoku.co.jp/news/detail/?id=TANAKAH20150821042656040&cc=01&ic=120,食の情報源,2015-08-25
マルハニチロ,携帯電話販売台数の８１％がスマホに…ＧＦＫ調査,http://www.tsuhannews.jp/%E6%90%BA%E5%B8%AF%E9%9B%BB%E8%A9%B1%E8%B2%A9%E5%A3%B2%E5%8F%B0%E6%95%B0%E3%81%AE%EF%BC%98%EF%BC%91%EF%BC%85%E3%81%8C%E3%82%B9%E3%83%9E%E3%83%9B%E3%81%AB%EF%BD%87%EF%BD%86%EF%BD%8B%E8%AA%BF/,通販通信,2015-08-09
マルハニチロ,「クラフトビール」50種以上飲用は4人に1人 日本ビール文化研究所調べ,https://news.nissyoku.co.jp/news/detail/?id=UMEMOTO20150814015318361&cc=11&ic=070,食の情報源,2015-08-23
マルハニチロ,甘草由来グラブリジンで体脂肪抑制…消費庁届出情報,http://www.tsuhannews.jp/%E7%94%98%E8%8D%89%E7%94%B1%E6%9D%A5%E3%82%B0%E3%83%A9%E3%83%96%E3%83%AA%E3%82%B8%E3%83%B3%E3%81%A7%E4%BD%93%E8%84%82%E8%82%AA%E6%8A%91%E5%88%B6%E6%B6%88%E8%B2%BB%E5%BA%81%E5%B1%8A%E5%87%BA/,通販通信,2015-08-31
マルハニチロ,すれ違い続けた2人が再び重なる…？今週も胸キュン必至！あの ...,http://mantan-web.jp/2015/08/25/20150825dog00m200001000c.html,navicon ［ナビコン］,2015-08-23
マルハニチロ,すれ違い続けた2人が再び重なる…？今週も胸キュン必至！あの ...,http://navicon.jp/news/31848/,navicon ［ナビコン］,2015-08-23
マルハニチロ,日清食品、なだ万とコラボ シニア向けカップ麺新発売,https://news.nissyoku.co.jp/news/detail/?id=YAGISAWA20150820093838275&cc=01&ic=110,食の情報源,2015-08-23
マルハニチロ,キトサン、難消化性デキストリン トクホ7商品を許可/消費者庁,http://news.e-expo.net/gyousei/2015/07/post-110.html,健康美容EXPO,2015-07-22
マルハニチロ,１店舗の売上８千万！なぜ「たまごリピート」は成功するのか？（１）,http://www.tsuhannews.jp/%EF%BC%91%E5%BA%97%E8%88%97%E3%81%AE%E5%A3%B2%E4%B8%8A%EF%BC%98%E5%8D%83%E4%B8%87%EF%BC%81%E3%81%AA%E3%81%9C%E3%80%8C%E3%81%9F%E3%81%BE%E3%81%94%E3%83%AA%E3%83%94%E3%83%BC%E3%83%88%E3%80%8D%E3%81%AF/,通販通信,2015-07-14
マルハニチロ,ケルヒャージャパン、フロアケアシステムEco発売 床洗浄を大幅省力化,https://news.nissyoku.co.jp/news/detail/?id=WAKUI20150908101157247&cc=01&ic=170,食の情報源,2015-09-10
マルハニチロ,きびだんご、メール・携帯電話決済の「Ｐａｉｄｙ」導入,http://www.tsuhannews.jp/%E3%81%8D%E3%81%B3%E3%81%A0%E3%82%93%E3%81%94%E3%80%81%E3%83%A1%E3%83%BC%E3%83%AB%E3%83%BB%E6%90%BA%E5%B8%AF%E9%9B%BB%E8%A9%B1%E6%B1%BA%E6%B8%88%E3%81%AE%E3%80%8C%EF%BD%90%EF%BD%81%EF%BD%89%EF%BD%84/,通販通信,2015-06-14
マルハニチロ,【ペヤング虫混入疑惑】食の安全、経営直撃 初動に非難殺到、リコール ...,http://www.yomiuri.co.jp/economy/20141213-OYT1T50045.html,産経ニュース,2014-12-11
マルハニチロ,【ペヤング虫混入疑惑】食の安全、経営直撃 初動に非難殺到、リコール ...,http://www.sankei.com/life/news/141212/lif1412120005-n1.html,産経ニュース,2014-12-11
マルハニチロ,ソーシャルギフト市場、１８２％増の８２億円に拡大,http://www.tsuhannews.jp/%E3%82%BD%E3%83%BC%E3%82%B7%E3%83%A3%E3%83%AB%E3%82%AE%E3%83%95%E3%83%88%E5%B8%82%E5%A0%B4%E3%80%81%EF%BC%91%EF%BC%98%EF%BC%92%EF%BC%85%E5%A2%97%E3%81%AE%EF%BC%98%EF%BC%92%E5%84%84%E5%86%86%E3%81%AB/,通販通信,2015-08-04
マルハニチロ,宮崎県・宮崎銀行・ヤマト運輸・ＡＮＡＣ、越境ＥＣなどで連携,http://www.tsuhannews.jp/%E5%AE%AE%E5%B4%8E%E7%9C%8C%E3%83%BB%E5%AE%AE%E5%B4%8E%E9%8A%80%E8%A1%8C%E3%83%BB%E3%83%A4%E3%83%9E%E3%83%88%E9%81%8B%E8%BC%B8%E3%83%BB%EF%BD%81%EF%BD%8E%EF%BD%81%EF%BD%83%E3%80%81%E8%B6%8A%E5%A2%83/,通販通信,2015-07-28
マルハニチロ,ミニストップ、コールドデザートCM放映 年間6000万食を目指す,https://news.nissyoku.co.jp/news/detail/?id=YAMAMOTOH20150907025409374&cc=01&ic=150,食の情報源,2015-09-08
マルハニチロ,サントリースピリッツ、「シトラスハイボール缶」に大型商品の可能性,https://news.nissyoku.co.jp/news/detail?id=MARUYAMA20150729064610498&cc=01&ic=070,食の情報源,2015-07-31
マルハニチロ,豆腐、セット惣菜に注力 価値訴求で定着狙う 時短・簡便化“追い風”,https://news.nissyoku.co.jp/news/detail?id=WAKUI20150728083949542&cc=01&ic=100,食の情報源,2015-07-30
マルハニチロ,ファミリーマート、コンビニドラッグ出店加速 3社合弁会社を10月設立,https://news.nissyoku.co.jp/news/detail/?id=ITAKURA20150818061512693&cc=01&ic=150,食の情報源,2015-08-20
マルハニチロ,消費者庁が10品目のトクホ表示を許可 あの缶コーヒーや青汁も,http://news.ameba.jp/20150907-428/,日刊アメーバニュース,2015-09-06
マルハニチロ,機能性表示食品６製品の届出公開、安眠訴求の商品も,http://www.tsuhannews.jp/%E6%A9%9F%E8%83%BD%E6%80%A7%E8%A1%A8%E7%A4%BA%EF%BC%96%E8%A3%BD%E5%93%81%E3%81%AE%E5%B1%8A%E5%87%BA%E5%85%AC%E9%96%8B%E3%80%81%E5%AE%89%E7%9C%A0%E8%A8%B4%E6%B1%82%E3%81%AE%E5%95%86%E5%93%81%E3%82%82/,通販通信,2015-06-24
マルハニチロ,ネットで地域活性化へ…ネッパン協議会、会員募集開始,http://www.tsuhannews.jp/%E3%83%8D%E3%83%83%E3%83%88%E3%81%A7%E5%9C%B0%E5%9F%9F%E6%B4%BB%E6%80%A7%E5%8C%96%E3%81%B8%E3%83%8D%E3%83%83%E3%83%91%E3%83%B3%E5%8D%94%E8%AD%B0%E4%BC%9A%E3%80%81%E4%BC%9A%E5%93%A1%E5%8B%9F/,通販通信,2015-07-14
マルハニチロ,ヨドバシカメラ、無料当日配送の全国人口カバー率が７５％に,http://www.tsuhannews.jp/%E3%83%A8%E3%83%89%E3%83%90%E3%82%B7%E3%82%AB%E3%83%A1%E3%83%A9%E3%80%81%E7%84%A1%E6%96%99%E5%BD%93%E6%97%A5%E9%85%8D%E9%80%81%E3%81%AE%E5%85%A8%E5%9B%BD%E4%BA%BA%E5%8F%A3%E3%82%AB%E3%83%90%E3%83%BC/,通販通信,2015-09-01
マルハニチロ,西友、PB簡便商品を拡大 パウチ魚惣菜も初投入,https://news.nissyoku.co.jp/news/detail/?id=YAMAMOTOH20150904121504072&cc=01&ic=150,食の情報源,2015-09-08
マルハニチロ,幸南食糧、無洗米「ライスビーズ製法」導入 安全・安心を訴求,https://news.nissyoku.co.jp/news/detail/?id=SATO20150820071728817&cc=01&ic=140,食の情報源,2015-08-20
マルハニチロ,楽天市場のモバイル比率は４８．５％、ラクマが急成長…楽天決算,http://japan.cnet.com/news/business/35068522/,通販通信,2015-08-06
マルハニチロ,楽天市場のモバイル比率は４８．５％、ラクマが急成長…楽天決算,http://www.tsuhannews.jp/%E6%A5%BD%E5%A4%A9%E5%B8%82%E5%A0%B4%E3%81%AE%E3%83%A2%E3%83%90%E3%82%A4%E3%83%AB%E6%AF%94%E7%8E%87%E3%81%AF%EF%BC%94%EF%BC%98%EF%BC%8E%EF%BC%95%EF%BC%85%E3%80%81%E3%83%A9%E3%82%AF%E3%83%9E%E3%81%8C/,通販通信,2015-08-06
マルハニチロ,ＳＮＳ広告からのトラブル急増、日本が海外詐欺業者の標的に,http://www.is702.jp/news/1821/partner/101_g/,通販通信,2015-08-19
マルハニチロ,ＳＮＳ広告からのトラブル急増、日本が海外詐欺業者の標的に,http://www.tsuhannews.jp/%EF%BD%93%EF%BD%8E%EF%BD%93%E5%BA%83%E5%91%8A%E3%81%8B%E3%82%89%E3%81%AE%E3%83%88%E3%83%A9%E3%83%96%E3%83%AB%E6%80%A5%E5%A2%97%E3%80%81%E6%97%A5%E6%9C%AC%E3%81%8C%E6%B5%B7%E5%A4%96%E8%A9%90%E6%AC%BA/,通販通信,2015-08-19
マルハニチロ,ダイドードリンコ、トルコ大手食品グループの飲料製造子会社の株式取得,https://news.nissyoku.co.jp/news/detail/?id=TANAKAH20150924061229561&cc=01&ic=120,食の情報源,2015-09-27
マルハニチロ,盛田、ハラール認証取得の「ハラルかけ醤油」発売,https://news.nissyoku.co.jp/news/detail/?id=FUKASE20150827014727101&cc=01&ic=030,食の情報源,2015-09-01
マルハニチロ,ミスミグループ本社／ベトナム第４工場を建設、グローバル確実短納期 ...,http://www.nikkan.co.jp/news/nkx0120150521aabv.html?news-t0521,物流ニュースリリース (プレスリリース),2015-05-21
マルハニチロ,ミスミグループ本社／ベトナム第４工場を建設、グローバル確実短納期 ...,http://www.e-logit.com/loginews/2015:052111.php,物流ニュースリリース (プレスリリース),2015-05-21
マルハニチロ,楽天が１８８０億円の資金調達、「楽天経済圏」拡大へ,http://www.marketnewsline.com/news/201506041035000000.html,通販通信,2015-06-04
マルハニチロ,楽天が１８８０億円の資金調達、「楽天経済圏」拡大へ,http://www.tsuhannews.jp/%E6%A5%BD%E5%A4%A9%E3%81%8C%EF%BC%91%EF%BC%98%EF%BC%98%EF%BC%90%E5%84%84%E5%86%86%E3%81%AE%E8%B3%87%E9%87%91%E8%AA%BF%E9%81%94%E3%80%81%E3%80%8C%E6%A5%BD%E5%A4%A9%E7%B5%8C%E6%B8%88%E5%9C%8F%E3%80%8D/,通販通信,2015-06-04
マルハニチロ,西友、半年価格固定「プライスロック」を延長 134品目で3～6ヵ月,https://news.nissyoku.co.jp/news/detail/?id=KAWASAKI20150826103016894&cc=01&ic=150,食の情報源,2015-08-30
マルハニチロ,日立造船、多品種生産充填システム開発 型替え作業を時短化,https://news.nissyoku.co.jp/news/detail/?id=TOKUNAGA20150911024544965&cc=01&ic=170,食の情報源,2015-09-15
マルハニチロ,健康的な食生活を送っていそうな有名人、2位「松岡修造」、1位は?,http://news.mynavi.jp/news/2015/03/03/242/,マイナビニュース,2015-03-02
マルハニチロ,東洋ゴム会長と社長 引責辞任へ,http://news.biglobe.ne.jp/topics/economy/0618/36406.html,BIGLOBEニュース,2015-06-17
マルハニチロ,事務レベルで詰め 前進だが、課題も 日中韓農業大臣会合,https://news.nissyoku.co.jp/news/detail/?id=ITO20150914114350235&cc=01&ic=015,食の情報源,2015-09-15
マルハニチロ,エム・シーシー食品、業務用は4本柱強化 「減塩カレー」の投入も,https://news.nissyoku.co.jp/news/detail/?id=MUTO20150902061545858&cc=01&ic=040,食の情報源,2015-09-08
マルハニチロ,日本郵便、「スマートレター」専用封筒を全国で販売,http://www.tsuhannews.jp/%E6%97%A5%E6%9C%AC%E9%83%B5%E4%BE%BF%E3%80%81%E3%80%8C%E3%82%B9%E3%83%9E%E3%83%BC%E3%83%88%E3%83%AC%E3%82%BF%E3%83%BC%E3%80%8D%E5%B0%82%E7%94%A8%E5%B0%81%E7%AD%92%E3%82%92%E5%85%A8%E5%9B%BD%E3%81%A7/,通販通信,2015-08-03
マルハニチロ,トライステージ、「機能性表示食品」の広告表現をサポート,http://www.tsuhannews.jp/%E3%83%88%E3%83%A9%E3%82%A4%E3%82%B9%E3%83%86%E3%83%BC%E3%82%B8%E3%80%81%E3%80%8C%E6%A9%9F%E8%83%BD%E6%80%A7%E8%A1%A8%E7%A4%BA%E9%A3%9F%E5%93%81%E3%80%8D%E3%81%AE%E5%BA%83%E5%91%8A%E8%A1%A8%E7%8F%BE/,通販通信,2015-08-25
マルハニチロ,富山県、交付金活用の通販サイト開設…特産品が３割引,http://www.tsuhannews.jp/%E5%AF%8C%E5%B1%B1%E7%9C%8C%E3%80%81%E4%BA%A4%E4%BB%98%E9%87%91%E6%B4%BB%E7%94%A8%E3%81%AE%E9%80%9A%E8%B2%A9%E3%82%B5%E3%82%A4%E3%83%88%E9%96%8B%E8%A8%AD%E7%89%B9%E7%94%A3%E5%93%81%E3%81%8C/,通販通信,2015-06-11
マルハニチロ,ふるさと名品開発協、「ふるさと名品オブ・ザ・イヤー」の概要発表,http://www.tsuhannews.jp/%E3%81%B5%E3%82%8B%E3%81%95%E3%81%A8%E5%90%8D%E5%93%81%E9%96%8B%E7%99%BA%E5%8D%94%E3%80%81%E3%80%8C%E3%81%B5%E3%82%8B%E3%81%95%E3%81%A8%E5%90%8D%E5%93%81%E3%82%AA%E3%83%96%E3%83%BB%E3%82%B6%E3%83%BB/,通販通信,2015-07-29
マルハニチロ,マルハチ村松、東京開発センター開設へ 商品開発を迅速化,https://news.nissyoku.co.jp/news/detail/?id=IGUCHI20150824065203315&cc=03&ic=040,食の情報源,2015-08-26
マルハニチロ,立命館大・田畑教授開発の「タバタトレーニング」が流行の兆し−１日４分で ...,http://www.nikkan.co.jp/news/nkx1020150721ccap.html,日刊工業新聞,2015-07-20
マルハニチロ,「畑っぴ」，養殖鮮魚第3弾「まぐろ」が登場。稚魚から漁獲の約3年を再現,http://www.4gamer.net/games/271/G027139/20150220109/,4Gamer.net,2015-02-20
マルハニチロ,お客さまの声を共有するコミュニティサイト 「スマート美食CLUB」を新設,http://prtimes.jp/main/html/rd/p/000000001.000008588.html,PR TIMES (プレスリリース),2013-10-21
マルハニチロ,水星の磁気圏探査機｢MMO｣をJAXAが公開,http://www.47news.jp/CN/201503/CN2015031501001562.html,J-CASTニュース,2015-03-16
マルハニチロ,水星の磁気圏探査機｢MMO｣をJAXAが公開,http://www.j-cast.com/2015/03/16230449.html,J-CASTニュース,2015-03-16
マルハニチロ,20代～30代の女性が、初デートで行きたい和食のお店は?,http://news.mynavi.jp/news/2015/06/05/177/,マイナビニュース,2015-06-04
マルハニチロ,アマゾンカード利用で「Ａｍａｚｏｎポイント」獲得,http://www.tsuhannews.jp/%E3%82%A2%E3%83%9E%E3%82%BE%E3%83%B3%E3%82%AB%E3%83%BC%E3%83%89%E5%88%A9%E7%94%A8%E3%81%A7%E3%80%8C%EF%BD%81%EF%BD%8D%EF%BD%81%EF%BD%9A%EF%BD%8F%EF%BD%8E%E3%83%9D%E3%82%A4%E3%83%B3%E3%83%88%E3%80%8D/,通販通信,2015-08-04
マルハニチロ,サカタのタネ 【1377】、上期経常を65％上方修正、通期も増額,http://kabutan.jp/news/?b=k201501090038,株探ニュース,2015-01-08
マルハニチロ,JCR、神戸に｢ヒト間葉系幹細胞｣の物流拠点竣工,http://www.logi-today.com/182077,LogisticsToday,2015-08-24
マルハニチロ,ヨコレイ／省エネ型自然冷媒機器普及促進プロジェクトに導入事例紹介,http://lnews.jp/2015/02/h021804.html,ＬＮＥＷＳ,2015-02-17
マルハニチロ,丸運／子会社の丸運国際フレートを吸収合併,http://www.e-logit.com/loginews/2015:052005.php,物流ニュースリリース (プレスリリース),2015-05-20
マルハニチロ,Ａｍａｚｏｎ「プライムデー」、最大８６％オフの商品も,http://www.tsuhannews.jp/%EF%BD%81%EF%BD%8D%EF%BD%81%EF%BD%9A%EF%BD%8F%EF%BD%8E%E3%80%8C%E3%83%97%E3%83%A9%E3%82%A4%E3%83%A0%E3%83%87%E3%83%BC%E3%80%8D%E3%80%81%E6%9C%80%E5%A4%A7%EF%BC%98%EF%BC%96%EF%BC%85%E3%82%AA%E3%83%95/,通販通信,2015-07-14
マルハニチロ,国交省、宅配再配達に関するアンケート調査開始,https://ecnomikata.com/ecnews/detail.php?id=5770,通販通信,2015-08-04
マルハニチロ,国交省、宅配再配達に関するアンケート調査開始,http://www.tsuhannews.jp/%E5%9B%BD%E4%BA%A4%E7%9C%81%E3%80%81%E5%AE%85%E9%85%8D%E5%86%8D%E9%85%8D%E9%81%94%E3%81%AB%E9%96%A2%E3%81%99%E3%82%8B%E3%82%A2%E3%83%B3%E3%82%B1%E3%83%BC%E3%83%88%E8%AA%BF%E6%9F%BB%E9%96%8B%E5%A7%8B/,通販通信,2015-08-04
マルハニチロ,ｄマーケットがＦＢと連携、ニュースフィード上で楽曲試聴も,http://www.tsuhannews.jp/%EF%BD%84%E3%83%9E%E3%83%BC%E3%82%B1%E3%83%83%E3%83%88%E3%81%8C%EF%BD%86%EF%BD%82%E3%81%A8%E9%80%A3%E6%90%BA%E3%80%81%E3%83%8B%E3%83%A5%E3%83%BC%E3%82%B9%E3%83%95%E3%82%A3%E3%83%BC%E3%83%89%E4%B8%8A/,通販通信,2015-07-29
マルハニチロ,ＪＥＣＣＩＣＡ、「ＥＣスペシャリスト」講座の受講者を募集,http://www.tsuhannews.jp/%EF%BD%8A%EF%BD%85%EF%BD%83%EF%BD%83%EF%BD%89%EF%BD%83%EF%BD%81%E3%80%81%E3%80%8C%EF%BD%85%EF%BD%83%E3%82%B9%E3%83%9A%E3%82%B7%E3%83%A3%E3%83%AA%E3%82%B9%E3%83%88%E3%80%8D%E8%AC%9B%E5%BA%A7%E3%81%AE/,通販通信,2015-06-25
マルハニチロ,置くだけでテーブルが華やか。手軽に楽しめる本格フレンチソース,http://top.tsite.jp/news/lifetrend/o/22685880/index,T-SITEニュース,2015-03-09
マルハニチロ,新規獲得受難の時代、コストを抑えて継続率を上げる手法とは？（１）,http://www.tsuhannews.jp/%E6%96%B0%E8%A6%8F%E7%8D%B2%E5%BE%97%E5%8F%97%E9%9B%A3%E3%81%AE%E6%99%82%E4%BB%A3%E3%80%81%E3%82%B3%E3%82%B9%E3%83%88%E3%82%92%E6%8A%91%E3%81%88%E3%81%A6%E7%B6%99%E7%B6%9A%E7%8E%87%E3%82%92%E4%B8%8A/,通販通信,2015-03-05
マルハニチロ,「楽天技術研究所」をシンガポールと米・ボストンに設立,http://www.nikkei.com/article/DGXMZO89925700Q5A730C1000000/,通販通信,2015-07-31
マルハニチロ,「楽天技術研究所」をシンガポールと米・ボストンに設立,http://www.tsuhannews.jp/%E3%80%8C%E6%A5%BD%E5%A4%A9%E6%8A%80%E8%A1%93%E7%A0%94%E7%A9%B6%E6%89%80%E3%80%8D%E3%82%92%E3%82%B7%E3%83%B3%E3%82%AC%E3%83%9D%E3%83%BC%E3%83%AB%E3%81%A8%E7%B1%B3%E3%83%BB%E3%83%9C%E3%82%B9%E3%83%88/,通販通信,2015-07-31
マルハニチロ,ＪＡＲＯ、機能性表示食品の広告研究セミナー,http://www.tsuhannews.jp/%EF%BD%8A%EF%BD%81%EF%BD%92%EF%BD%8F%E3%80%81%E6%A9%9F%E8%83%BD%E6%80%A7%E8%A1%A8%E7%A4%BA%E9%A3%9F%E5%93%81%E3%81%AE%E5%BA%83%E5%91%8A%E7%A0%94%E7%A9%B6%E3%82%BB%E3%83%9F%E3%83%8A%E3%83%BC/,通販通信,2015-06-08
マルハニチロ,バスにトラック追突 5人死傷,http://news.biglobe.ne.jp/topics/domestic/0804/08402.html,BIGLOBEニュース,2015-08-03
マルハニチロ,キリン／カマンベールチーズから、アルツハイマー病予防の有効成分を発見,http://www.hazardlab.jp/know/topics/detail/9/3/9399.html,メーカーニュース（Maker News）,2015-03-12
マルハニチロ,キリン／カマンベールチーズから、アルツハイマー病予防の有効成分を発見,http://makernews.biz/201503124699-2/,メーカーニュース（Maker News）,2015-03-12
マルハニチロ,山九／西神戸物流センターを開設,http://lnews.jp/2015/05/h051902.html,物流ニュースリリース (プレスリリース),2015-05-20
マルハニチロ,山九／西神戸物流センターを開設,http://www.e-logit.com/loginews/2015:052009.php,物流ニュースリリース (プレスリリース),2015-05-20
マルハニチロ,プリマハム、異物混入でフライドチキン約6万個を自主回収,http://www.marketnewsline.com/news/201503021446000000.html,J-CASTニュース,2015-03-01
マルハニチロ,プリマハム、異物混入でフライドチキン約6万個を自主回収,http://www.j-cast.com/2015/03/02229171.html,J-CASTニュース,2015-03-01
マルハニチロ,ジャスティン・ビーバー、新曲「ホワット・ドゥ・ユー・ミーン？」が意外にも ...,http://navicon.jp/news/32227/,navicon ［ナビコン］,2015-09-09
マルハニチロ,つけ麺やチャーハンなど、危険物だらけの冷凍食品を専門家が紹介,http://news.livedoor.com/article/detail/9666900/,livedoor,2015-01-12
マルハニチロ,“魚くさい”イメージを消した、カップゼリー「今日のくだもの」,http://bizmakoto.jp/makoto/articles/1104/26/news001.html,Business Media 誠,2011-04-25
マルハニチロ,創業者の名を冠したウイスキー「竹鶴」、2015年の売上前年比314%を達成,http://www.zaikei.co.jp/article/20150526/251136.html,財経新聞,2015-05-26
マルハニチロ,ビール各社のミャンマー参入ラッシュ。消費拡大見込む,http://www.zaikei.co.jp/article/20150524/250823.html,財経新聞,2015-05-24
マルハニチロ,宝HD／次期の売上高2300億円を見込む,http://makernews.biz/201505085007-4/,メーカーニュース,2015-05-09
マルハニチロ,マルハニチロ食品のちくわを食べて「たべモン」を当てよう,http://www.4gamer.net/games/095/G009542/20090825038/,4Gamer.net,2009-08-25
マルハニチロ,まちなか案内所に展示室 県内作家らの作品紹介,https://www.oita-press.co.jp/1010000000/2015/06/11/131655293,大分合同新聞,2015-06-11
マルハニチロ,【個別銘柄】ソフバンク堅調、ＤＭＧ森急伸、オリランド安い,http://www.bloomberg.co.jp/news/123-NIJVD56JIJUO01.html,ブルームバーグ,2015-01-21
マルハニチロ,マクドナルド、宮津は金具混入で調査 「足遠のくかも」,http://www.kyoto-np.co.jp/politics/article/20150107000164,産経ニュース,2015-01-07
マルハニチロ,マクドナルド、宮津は金具混入で調査 「足遠のくかも」,http://www.sankei.com/west/news/150107/wst1501070061-n1.html,産経ニュース,2015-01-07
マルハニチロ,プリンにアレルギー非表示、自主回収 山形の会社,http://www.sankeibiz.jp/econome/news/150415/ecc1504151140003-n1.htm,SankeiBiz,2015-04-14
マルハニチロ,本日の【サプライズ決算】 速報 （1月30日）,http://kabutan.jp/news/marketnews/?b=n201501300243,株探ニュース,2015-01-29
マルハニチロ,本日の決算発表予定（2月2日） … アステラス、キーエンス、三菱電など ...,http://kabutan.jp/news/marketnews/?b=n201502020003,株探ニュース,2015-02-01
マルハニチロ,本日の【サプライズ決算】 続報 （2月2日）,http://kabutan.jp/news/marketnews/?b=n201502020275,株探ニュース,2015-02-02
マルハニチロ,【今週の展望】「節分天井」で折り返し点になる週なのか？,http://economic.jp/?p=46028,エコノミックニュース (プレスリリース),2015-02-01
マルハニチロ,刺し身に縫い針22本 男逮捕,http://news.biglobe.ne.jp/topics/economy/0610/61023.html,BIGLOBEニュース,2015-06-09
マルハニチロ,流産やダウン症の原因「卵子の染色体数異常」、染色体の早期分離が ...,http://www.nikkan.co.jp/news/nkx1020150721eaaa.html,日刊工業新聞,2015-07-20
マルハニチロ,井上陽水、40年ぶりに古巣ポリドールに復帰！7/29「UNITED COVER 2 ...,http://navicon.jp/news/30519/,navicon ［ナビコン］,2015-06-18
マルハニチロ,来週の決算発表予定 ソニー、トヨタ、ＮＴＴなど（2月2日～2月6日）,http://kabutan.jp/news/marketnews/?b=n201501310037,株探ニュース,2015-01-30
マルハニチロ,【トレンド日本】縮む正月の食卓 離婚、非婚、「１人用食品」続々に映る世相,http://www.sankei.com/premium/news/141227/prm1412270005-n1.html,産経ニュース,2014-12-26
マルハニチロ,大分市の期末・勤勉手当 年齢別加算を廃止へ,https://www.oita-press.co.jp/1010000000/2015/03/12/232957162,大分合同新聞,2015-03-11
マルハニチロ,【連載】鉄道トリビア 第276回 なぜこんなことに!? 東海道新幹線に ...,http://news.mynavi.jp/series/trivia/276/,マイナビニュース,2014-10-24
マルハニチロ,サッポロビール、ガラス片混入でワイン自主回収,http://www.zaikei.co.jp/article/20150522/250531.html,財経新聞,2015-05-21
マルハニチロ,永谷園／持株会社への移行は10月1日,http://ma-times.jp/14245.html,メーカーニュース,2015-04-16
マルハニチロ,永谷園／持株会社への移行は10月1日,http://makernews.biz/201504164935/,メーカーニュース,2015-04-16
マルハニチロ,サントリー、JTの自販機事業を約1500億円で買収 「ルーツ」「桃天」も,http://www.tokyo-np.co.jp/s/article/2015052501001976.html,財経新聞,2015-05-25
マルハニチロ,サントリー、JTの自販機事業を約1500億円で買収 「ルーツ」「桃天」も,http://www.zaikei.co.jp/article/20150525/250933.html,財経新聞,2015-05-25
マルハニチロ,農薬混入事件・阿部被告 異物持ち込み「楽にできる」と証言,http://www.news-postseven.com/archives/20140405_250119.html,NEWSポストセブン,2014-04-04
マルハニチロ,最終回！レインマンの正体は日花里（桜田ひより）の母！「ワイルド ...,http://www.cyzowoman.com/2015/06/post_16422.html,navicon ［ナビコン］,2015-06-20
マルハニチロ,最終回！レインマンの正体は日花里（桜田ひより）の母！「ワイルド ...,http://navicon.jp/news/30554/,navicon ［ナビコン］,2015-06-20
マルハニチロ,鈴与シンワート／「企画部」をシェアードサービスカンパニーから分離・独立,http://www.e-logit.com/loginews/2015:031815.php,物流ニュースリリース (プレスリリース),2015-03-18
マルハニチロ,マルハニチロHD、「マルハニチロおさかなポスター」から「海老」「蟹」を発売,http://www.mylifenote.net/001/110706hd.html,マイライフ手帳＠ニュース,2011-07-06
マルハニチロ,一般公開されるクリスマス見本市、バイヤー気分で楽しめる「BATOMA ...,http://news.ameba.jp/20150521-14/,日刊アメーバニュース,2015-05-20
マルハニチロ,仲間由紀恵がヤンクミに戻る！？6年ぶりに赤ジャージ姿を披露！「美女 ...,http://navicon.jp/news/30996/,navicon ［ナビコン］,2015-07-13
マルハニチロ,マルハニチロ食品、10月からさば缶詰・いわし缶詰・まぐろ缶詰製品の ...,http://www.mylifenote.net/001/10_29.html,マイライフ手帳＠ニュース,2008-09-25
マルハニチロ,大崎広小路 チキンダイニング ちりばりの500円ランチ,http://woman.excite.co.jp/blog/oishii/sid_2343615/,ウーマンエキサイト,2015-08-02
マルハニチロ,食品異物混入訴え相次ぐ ホテルでは義歯が、セリーには幼虫が,http://www.hochi.co.jp/topics/20150109-OHT1T50290.html,スポーツニッポン,2015-01-09
マルハニチロ,食品異物混入訴え相次ぐ ホテルでは義歯が、セリーには幼虫が,http://www.sponichi.co.jp/society/news/2015/01/10/kiji/K20150110009603790.html,スポーツニッポン,2015-01-09
マルハニチロ,不祥事で注目のレピュテーションリスクマネジメント,http://blogos.com/article/102887/,BLOGOS,2015-01-05
マルハニチロ,埼玉の２店舗でもハンバーガーに鉄くず、チキンナゲットにスポンジ,http://www.sankei.com/life/news/150109/lif1501090037-n1.html,産経ニュース,2015-01-09
マルハニチロ,カリガリカレー＠渋谷,http://woman.excite.co.jp/blog/oishii/sid_2321397/,ウーマンエキサイト,2015-07-10
マルハニチロ,大衆の心をつかむ決め手は「リアルな写真」 ――サバ缶詰のパッケージ ...,http://www.nikkeibp.co.jp/article/column/20140626/404618/,nikkei BPnet,2014-07-01
マルハニチロ,精力アップじゃなかった！「スッポン、ふぐ」デートはヤバイ理由,http://news.biglobe.ne.jp/trend/0617/men_150617_2323314878.html,BIGLOBEニュース,2015-06-17
マルハニチロ,マルハニチロ、果実入りゼリー増産 山形で12億円投資,http://www.nikkei.com/article/DGXNZO23529760W1A210C1TJ2000/,日本経済新聞,2011-02-16
マルハニチロ,簡単で時短にもなる！ 一人暮らしにピッタリの冷凍食品とお弁当レシピ,http://news.livedoor.com/article/detail/10106007/,livedoor,2015-05-13
マルハニチロ,農水省／「6次産業化サミット」開催、事業者の課題浮き彫りに,http://makernews.biz/201503204756/,メーカーニュース,2015-03-20
マルハニチロ,ゼンショー、吉野家を意識してるな～,http://toyokeizai.net/articles/-/45931,東洋経済オンライン,2014-08-21
マルハニチロ,生活者と企業が未来を共に創る 共創マーケティングイベント「第1回みん ...,http://prtimes.jp/main/html/rd/p/000000007.000009835.html,PR TIMES (プレスリリース),2014-11-25
マルハニチロ,局所的な「危機対応」では不十分 複数のトラブルが同時に起きる事態に ...,http://diamond.jp/articles/-/61577,ダイヤモンド・オンライン,2014-11-09
マルハニチロ,ベネッセは本当に他人事か？企業を出し抜く新たな情報漏洩の手口と裏側,http://diamond.jp/articles/-/61449,ダイヤモンド・オンライン,2014-10-30
マルハニチロ,1998年発売の冷凍食品「横浜あんかけラーメン」は心が震えるほど ...,http://rocketnews24.com/2014/06/02/446987/,ロケットニュース24,2014-06-02
マルハニチロ,綾瀬はるか、有村架純に勝った「和食デートしたい芸能人」1位は,http://woman.infoseek.co.jp/news/love/menjoy_181185,インフォシーク,2015-06-14
マルハニチロ,経産省が「なでしこ銘柄」40社を発表、3年連続は東レ、ニコン、KDDIなど ...,http://irorio.jp/agatasei/20150319/215000/,IRORIO（イロリオ） - 海外ニュース・国内ニュースで井戸端会議,2015-03-19
マルハニチロ,【相次ぐ異物混入】 ゴキブリにコオロギ、歯も マクドナルドの商品以外でも,http://www.47news.jp/47topics/e/260849.php,47NEWS,2015-01-07
マルハニチロ,ミズノ／ランニング用のメガネ端末開発、ソニー製品使用,http://makernews.biz/201503114684/,メーカーニュース（Maker News）,2015-03-10
マルハニチロ,【個別銘柄】ＪＲ３社買い、東京ドームは急伸、日本光電安い,http://www.bloomberg.co.jp/news/123-NH26KV6KLVRB01.html,ブルームバーグ,2014-12-23
マルハニチロ,キリン、工場から家庭にビールを直送するサービス 地域限定で先行展開,http://www.zaikei.co.jp/article/20150529/251566.html,財経新聞,2015-05-28
マルハニチロ,テーマは「生活応援」景気の不安要素を吹き飛ばせ！ お歳暮ギフト解体 ...,http://prtimes.jp/main/html/rd/p/000000126.000005342.html,PR TIMES (プレスリリース),2015-01-05
マルハニチロ,トヨタが工場従業員の年功賃金を見直し！若手の賃金を引き上げて人材 ...,http://irorio.jp/nagasawamaki/20150127/199364/,IRORIO（イロリオ） - 海外ニュース・国内ニュースで井戸端会議,2015-01-26
マルハニチロ,ネットユーザーが選ぶ2014年の「ワースト謝罪会見」、 1位は「理研 ...,http://prtimes.jp/main/html/rd/p/000000027.000002888.html,PR TIMES (プレスリリース),2014-12-03
マルハニチロ,「ザ・プレミアム・モルツ フェスト」開催,https://www.foods-ch.com/news/press_9903/,フーズチャネル,2015-03-06
マルハニチロ,アクリフーズとカネボウ化粧品に共通する「負の遺産M&A」の落とし穴,http://blogos.com/article/77584/,BLOGOS,2014-01-08
マルハニチロ,虫混入の「ペヤング」やきそば、製造元が自主回収決める,http://www.itmedia.co.jp/news/articles/1412/04/news147.html,産経ニュース,2014-12-03
マルハニチロ,虫混入の「ペヤング」やきそば、製造元が自主回収決める,http://www.sankei.com/economy/news/141204/ecn1412040019-n1.html,産経ニュース,2014-12-03
マルハニチロ,テレ東開局50周年特別企画！剛力彩芽×村上弘明×陣内孝則「松本清張 ...,http://woman.infoseek.co.jp/news/entertainment/sponichin_20150325_0089,navicon ［ナビコン］,2015-03-24
マルハニチロ,テレ東開局50周年特別企画！剛力彩芽×村上弘明×陣内孝則「松本清張 ...,http://navicon.jp/news/28872/,navicon ［ナビコン］,2015-03-24
マルハニチロ,損保ジャパン日本興亜「異物を入れたぞ！」という脅迫を受けただけでも ...,http://www.sankei.com/economy/news/141128/ecn1411280004-n1.html,産経ニュース,2014-11-27
マルハニチロ,原作を超えた面白さ！チャン・ヒョク×チャン・ナラ主演ラブコメ「運命のよう ...,http://navicon.jp/news/29865/,navicon ［ナビコン］,2015-05-18
マルハニチロ,ＪＩＮＳ、サングラス３４０本を自主回収 信号見えにくく,http://www.sponichi.co.jp/society/news/2014/12/29/kiji/K20141229009542700.html,スポーツニッポン,2014-12-28
マルハニチロ,回転寿司で食べる平均数、男性11.1皿、女性は8.6皿 マルハニチロ調査,http://www.j-cast.com/2014/05/08204149.html,J-CASTニュース,2014-05-07
マルハニチロ,日本郵政、6月30日に株式上場申請へ,http://www.marketnewsline.com/news/201506261701000000.html,Market Newsline,2015-06-26
マルハニチロ,日本水産が続伸、「初のサバ養殖に乗り出す」,http://kabutan.jp/news/marketnews/?b=n201501200056,株探ニュース,2015-01-19
マルハニチロ,死を招く危ない食品、食の不祥事…“リスク分析システム”は、なぜ機能 ...,http://biz-journal.jp/2014/10/post_6434.html,Business Journal,2014-10-24
マルハニチロ,GYAO!でキム・スヒョン徹底チェック！「太陽を抱く月」全話と「ドリハイ」「星 ...,http://woman.infoseek.co.jp/news/k-pop/sports_seoul_14984,navicon ［ナビコン］,2015-02-15
マルハニチロ,GYAO!でキム・スヒョン徹底チェック！「太陽を抱く月」全話と「ドリハイ」「星 ...,http://navicon.jp/news/28218/,navicon ［ナビコン］,2015-02-15
マルハニチロ,12日「日曜洋画劇場」は『相棒‐劇場版Ⅲ』TV初放送記念で『相棒シリーズ ...,http://navicon.jp/news/29227/,navicon ［ナビコン］,2015-04-11
マルハニチロ,ヘルシア紅茶等 トクホ7商品を許可（うち再許可等特保6件）/消費者庁,http://news.e-expo.net/gyousei/2015/05/post-103.html,健康美容EXPO,2015-05-13
マルハニチロ,クロマグロの完全養殖開始 佐伯のマルハニチロ子会社,https://www.oita-press.co.jp/1010000000/2015/10/30/223012124,大分合同新聞,2015-10-29
マルハニチロ,クロマグロの完全養殖開始 佐伯のマルハニチロ子会社,http://www.news24.jp/nnn/news8835214.html,大分合同新聞,2015-10-29
マルハニチロ,マルハニチロの鯖缶『さば水煮』が受理…消費者庁届出情報,http://ascii.jp/elem/000/001/071/1071090/,ASCII.jp,2015-10-28
マルハニチロ,マルハニチロが反発、「15年4-9月期の経常は2割増」,http://kabutan.jp/news/marketnews/?b=n201510200089,株探ニュース,2015-10-19
マルハニチロ,マルハニチロ、上川隆也が明治時代に「新中華街」を食べ“冷食開化”を ...,http://navicon.jp/news/32939/,navicon ［ナビコン］,2015-10-16
マルハニチロ,【今週の展望】行きつ戻りつ「過熱感」を処理する週になる,http://economic.jp/?p=54844,エコノミックニュース (プレスリリース),2015-11-01
マルハニチロ,冷凍チャーハン お茶漬け等ひと手間かけて違った味わい方も,http://news.livedoor.com/article/detail/10772300/,NEWSポストセブン,2015-10-30
マルハニチロ,冷凍チャーハン お茶漬け等ひと手間かけて違った味わい方も,http://www.news-postseven.com/archives/20151030_359513.html,NEWSポストセブン,2015-10-30
マルハニチロ,マルハニチロ物流／20億円投じ、鹿児島県に物流センター新設,http://lnews.jp/2015/08/h081417.html,ＬＮＥＷＳ,2015-08-15
マルハニチロ,マルハニチロ物流／20億円投じ、鹿児島県に物流センター新設,http://www.logi-today.com/180425,ＬＮＥＷＳ,2015-08-15
マルハニチロ,マルハニチロが初の受理…消費者庁届出情報,http://ascii.jp/elem/000/001/057/1057902/,ASCII.jp,2015-09-30
マルハニチロ,ペットフード、高機能品を増産 マルハニチロはタイに缶詰ライン,http://www.nikkei.com/article/DGXLASDZ16H7D_W5A910C1TI5000/,日本経済新聞,2015-09-16
マルハニチロ,マルハニチロ／石巻工場移転に伴い新工場設立,http://lnews.jp/2015/05/h052002.html,ＬＮＥＷＳ,2015-05-20
マルハニチロ,マルハニチロ／石巻工場移転に伴い新工場設立,http://www.sankei.com/economy/news/150519/ecn1505190064-n1.html,ＬＮＥＷＳ,2015-05-20
マルハニチロ,マルハニチロ 【1333】、前期経常を20％上方修正,http://kabutan.jp/news/?b=k201504270087,株探ニュース,2015-04-26
マルハニチロ,マルハニチロが2000円乗せ後に軟化、利益確定売り膨らむが先高期待も,http://shikiho.jp/tk/news/articles/0/73640,会社四季報オンライン (会員登録),2015-06-16
マルハニチロ,赤岩港の市有地 ヤヨイが取得へ,http://www.kahoku.co.jp/tohokunews/201510/20151027_12032.html,河北新報,2015-10-26
マルハニチロ,「時短料理」家電 おいしくアシスト,http://www.yomiuri.co.jp/life/homeguide/feature/CO016591/20151013-OYT8T50009.html,読売新聞,2015-10-19
マルハニチロ,東芝の不正に大きく影響した成果主義の弊害,http://business.nikkeibp.co.jp/atcl/interview/15/238739/101500069/,日経ビジネスオンライン,2015-10-20
マルハニチロ,消費者庁／機能性表示食品にフジッコ「毎日の大豆イソフラボン」,http://makernews.biz/201510275778-30/,メーカーニュース,2015-10-27
マルハニチロ,マルハニチロ、鹿児島に物流拠点 冷凍機能付き,http://www.nikkei.com/article/DGXLASDZ11HS4_R10C15A8TI5000/,日本経済新聞,2015-08-11
マルハニチロ,マルハニチロは大幅反発、１６年３月期の営業利益は７８．４％増予想,http://kabutan.jp/news/marketnews/?b=n201505080081,株探ニュース,2015-05-07
マルハニチロ,マルハニチロは大幅反発、１６年３月期の営業利益は７８．４％増予想,http://makernews.biz/201505074991/,株探ニュース,2015-05-07
マルハニチロ,イオン、プライベートブランドの本マグロ販売開始−マルハニチロが奄美 ...,http://www.nikkan.co.jp/news/nkx1120150605caam.html,日刊工業新聞,2015-06-04
マルハニチロ,イオン、プライベートブランドの本マグロ販売開始−マルハニチロが奄美 ...,http://www.asahi.com/and_M/information/SDI2015060457801.html,日刊工業新聞,2015-06-04
マルハニチロ,第11回企業力ランキング 調査協力企業名一覧,http://www.nikkan.co.jp/info/kigyouryoku2015.html,日刊工業新聞,2015-10-18
マルハニチロ,話題株ピックアップ【昼刊】：ハマキョウ、マルハニチロ、ノジマ、パイロット,http://kabutan.jp/news/marketnews/?b=n201505080146,株探ニュース,2015-05-07
マルハニチロ,【個別銘柄】ドコモやＮＴＴなど通信株が上昇、科研薬やタカタは安い,http://www.bloomberg.co.jp/news/123-NWHWB96KLVR501.html,ブルームバーグ,2015-10-19
マルハニチロ,マルハニチロ／ワインに合う缶詰シリーズと、ウイスキーに合う缶詰シリーズ,http://makernews.biz/201503244772/,メーカーニュース,2015-03-23
マルハニチロ,マルハニチロ／ワインに合う缶詰シリーズと、ウイスキーに合う缶詰シリーズ,http://ovo.kyodo.co.jp/news/gourmet/a-573182,メーカーニュース,2015-03-23
マルハニチロ,マルハニチロ調べ これから挑戦したい時短調理法は「炊飯器調理」...,http://news.mynavi.jp/news/2015/09/04/370/,ValuePress! (プレスリリース),2015-09-03
マルハニチロ,マルハニチロ調べ これから挑戦したい時短調理法は「炊飯器調理」...,https://www.value-press.com/pressrelease/148093,ValuePress! (プレスリリース),2015-09-03
マルハニチロ,マルハニチロ、ウイング社等 トクホ7商品を許可/消費者庁,http://news.e-expo.net/gyousei/2015/08/post-107.html,健康美容EXPO,2015-08-27
マルハニチロ,内部犯行は決して想定外ではない マルハニチロに見る混乱する ...,http://diamond.jp/articles/-/61763,ダイヤモンド・オンライン,2014-11-06
マルハニチロ,マルハニチロ／「月花 さんま煮付」など秋の新商品72点発売,http://makernews.biz/201507155390-3/,メーカーニュース,2015-07-15
マルハニチロ,介護食品に中鎖脂肪酸油−マルハニチロ、「ＭＣＴパウダー」用いた高栄養 ...,http://www.nikkan.co.jp/news/nkx1020150721ccaf.html,日刊工業新聞,2015-07-20
マルハニチロ,[FISCO]東証業種別ランキング：食料品が上昇率トップ、JT、日清粉、雪印 ...,http://www.gci-klug.jp/fxnews/detail.php?id=281810,Klug クルーク,2015-10-22
マルハニチロ,２０日の主な動意銘柄―宝ＨＬＤやＮＴＴなど高い、野村マイクロやエイジア ...,http://biz.searchina.net/id/1591942,サーチナ,2015-10-20
マルハニチロ,クロマグロの完全養殖開始 佐伯のマルハニチロ子会社,https://www.oita-press.co.jp/1010000000/2015/10/30/223012124,大分合同新聞,2015-10-29
マルハニチロ,クロマグロの完全養殖開始 佐伯のマルハニチロ子会社,http://www.news24.jp/nnn/news8835214.html,大分合同新聞,2015-10-29
マルハニチロ,マルハニチロの鯖缶『さば水煮』が受理…消費者庁届出情報,http://ascii.jp/elem/000/001/071/1071090/,ASCII.jp,2015-10-28
マルハニチロ,マルハニチロが反発、「15年4-9月期の経常は2割増」,http://kabutan.jp/news/marketnews/?b=n201510200089,株探ニュース,2015-10-19
マルハニチロ,マルハニチロ、上川隆也が明治時代に「新中華街」を食べ“冷食開化”を ...,http://navicon.jp/news/32939/,navicon ［ナビコン］,2015-10-16
マルハニチロ,【今週の展望】行きつ戻りつ「過熱感」を処理する週になる,http://economic.jp/?p=54844,エコノミックニュース (プレスリリース),2015-11-01
マルハニチロ,冷凍チャーハン お茶漬け等ひと手間かけて違った味わい方も,http://news.livedoor.com/article/detail/10772300/,NEWSポストセブン,2015-10-30
マルハニチロ,冷凍チャーハン お茶漬け等ひと手間かけて違った味わい方も,http://www.news-postseven.com/archives/20151030_359513.html,NEWSポストセブン,2015-10-30
マルハニチロ,マルハニチロ物流／20億円投じ、鹿児島県に物流センター新設,http://lnews.jp/2015/08/h081417.html,ＬＮＥＷＳ,2015-08-15
マルハニチロ,マルハニチロ物流／20億円投じ、鹿児島県に物流センター新設,http://www.logi-today.com/180425,ＬＮＥＷＳ,2015-08-15
マルハニチロ,マルハニチロが初の受理…消費者庁届出情報,http://ascii.jp/elem/000/001/057/1057902/,ASCII.jp,2015-09-30
マルハニチロ,ペットフード、高機能品を増産 マルハニチロはタイに缶詰ライン,http://www.nikkei.com/article/DGXLASDZ16H7D_W5A910C1TI5000/,日本経済新聞,2015-09-16
マルハニチロ,マルハニチロ／石巻工場移転に伴い新工場設立,http://lnews.jp/2015/05/h052002.html,ＬＮＥＷＳ,2015-05-20
マルハニチロ,マルハニチロ／石巻工場移転に伴い新工場設立,http://www.sankei.com/economy/news/150519/ecn1505190064-n1.html,ＬＮＥＷＳ,2015-05-20
マルハニチロ,マルハニチロ 【1333】、前期経常を20％上方修正,http://kabutan.jp/news/?b=k201504270087,株探ニュース,2015-04-26
マルハニチロ,マルハニチロが2000円乗せ後に軟化、利益確定売り膨らむが先高期待も,http://shikiho.jp/tk/news/articles/0/73640,会社四季報オンライン (会員登録),2015-06-16
マルハニチロ,赤岩港の市有地 ヤヨイが取得へ,http://www.kahoku.co.jp/tohokunews/201510/20151027_12032.html,河北新報,2015-10-26
マルハニチロ,「時短料理」家電 おいしくアシスト,http://www.yomiuri.co.jp/life/homeguide/feature/CO016591/20151013-OYT8T50009.html,読売新聞,2015-10-19
マルハニチロ,東芝の不正に大きく影響した成果主義の弊害,http://business.nikkeibp.co.jp/atcl/interview/15/238739/101500069/,日経ビジネスオンライン,2015-10-20
マルハニチロ,消費者庁／機能性表示食品にフジッコ「毎日の大豆イソフラボン」,http://makernews.biz/201510275778-30/,メーカーニュース,2015-10-27
マルハニチロ,マルハニチロ、鹿児島に物流拠点 冷凍機能付き,http://www.nikkei.com/article/DGXLASDZ11HS4_R10C15A8TI5000/,日本経済新聞,2015-08-11
マルハニチロ,マルハニチロは大幅反発、１６年３月期の営業利益は７８．４％増予想,http://kabutan.jp/news/marketnews/?b=n201505080081,株探ニュース,2015-05-07
マルハニチロ,マルハニチロは大幅反発、１６年３月期の営業利益は７８．４％増予想,http://makernews.biz/201505074991/,株探ニュース,2015-05-07
マルハニチロ,イオン、プライベートブランドの本マグロ販売開始−マルハニチロが奄美 ...,http://www.nikkan.co.jp/news/nkx1120150605caam.html,日刊工業新聞,2015-06-04
マルハニチロ,イオン、プライベートブランドの本マグロ販売開始−マルハニチロが奄美 ...,http://www.asahi.com/and_M/information/SDI2015060457801.html,日刊工業新聞,2015-06-04
マルハニチロ,第11回企業力ランキング 調査協力企業名一覧,http://www.nikkan.co.jp/info/kigyouryoku2015.html,日刊工業新聞,2015-10-18
マルハニチロ,話題株ピックアップ【昼刊】：ハマキョウ、マルハニチロ、ノジマ、パイロット,http://kabutan.jp/news/marketnews/?b=n201505080146,株探ニュース,2015-05-07
マルハニチロ,【個別銘柄】ドコモやＮＴＴなど通信株が上昇、科研薬やタカタは安い,http://www.bloomberg.co.jp/news/123-NWHWB96KLVR501.html,ブルームバーグ,2015-10-19
マルハニチロ,マルハニチロ／ワインに合う缶詰シリーズと、ウイスキーに合う缶詰シリーズ,http://makernews.biz/201503244772/,メーカーニュース,2015-03-23
マルハニチロ,マルハニチロ／ワインに合う缶詰シリーズと、ウイスキーに合う缶詰シリーズ,http://ovo.kyodo.co.jp/news/gourmet/a-573182,メーカーニュース,2015-03-23
マルハニチロ,マルハニチロ調べ これから挑戦したい時短調理法は「炊飯器調理」...,http://news.mynavi.jp/news/2015/09/04/370/,ValuePress! (プレスリリース),2015-09-03
マルハニチロ,マルハニチロ調べ これから挑戦したい時短調理法は「炊飯器調理」...,https://www.value-press.com/pressrelease/148093,ValuePress! (プレスリリース),2015-09-03
マルハニチロ,マルハニチロ、ウイング社等 トクホ7商品を許可/消費者庁,http://news.e-expo.net/gyousei/2015/08/post-107.html,健康美容EXPO,2015-08-27
マルハニチロ,内部犯行は決して想定外ではない マルハニチロに見る混乱する ...,http://diamond.jp/articles/-/61763,ダイヤモンド・オンライン,2014-11-06
マルハニチロ,マルハニチロ／「月花 さんま煮付」など秋の新商品72点発売,http://makernews.biz/201507155390-3/,メーカーニュース,2015-07-15
マルハニチロ,介護食品に中鎖脂肪酸油−マルハニチロ、「ＭＣＴパウダー」用いた高栄養 ...,http://www.nikkan.co.jp/news/nkx1020150721ccaf.html,日刊工業新聞,2015-07-20
マルハニチロ,[FISCO]東証業種別ランキング：食料品が上昇率トップ、JT、日清粉、雪印 ...,http://www.gci-klug.jp/fxnews/detail.php?id=281810,Klug クルーク,2015-10-22
マルハニチロ,２０日の主な動意銘柄―宝ＨＬＤやＮＴＴなど高い、野村マイクロやエイジア ...,http://biz.searchina.net/id/1591942,サーチナ,2015-10-20
